"","WATERSHED","SAMPLE_DATE","SITE_NAME","SITE_TYPE","MEDIUM","PARAM_TYPE","PARAMETER","QUALIFIER","RESULT","UNIT","FILTER","SAMPLE_ID","SAMPLE_SITE_NO","DEPTH_IN_METERS","METHOD","QC_FLAG","PROJECT","Location","DATA_REF_NO","LAT_DD_WGS84","LON_DD_WGS84","SAMPLE_REF_NO","TIME_NULL","QC_TYPE","YEAR"
"1","Barton Creek",2018-12-20,"Barton Spring Pool @ Downstream Dam","Stream","Ground Water","Oxygen","DISSOLVED OXYGEN","","7.72","MG/L","Total","",860,NA,"HYDROLAB","U","Critical Scientific Investigation (CSI)","(30.2640070647195, -97.7693825634433)",2718173,30.2640070647195,-97.7693825634433,561519,FALSE,"","2018"
"2","Barton Creek",2018-12-20,"Barton Spring","Spring","Ground Water","Oxygen","DISSOLVED OXYGEN","","6.62","MG/L","Total","35-Main Spring -Time  10",35,NA,"HYDROLAB","U","Critical Scientific Investigation (CSI)","(30.2635351223695, -97.7709796798271)",2715951,30.2635351223695,-97.7709796798271,561507,FALSE,"","2018"
"3","Barton Creek",2018-12-20,"Barton Spring","Spring","Ground Water","Oxygen","DISSOLVED OXYGEN","","6.91","MG/L","Total","35-Main Spring -Time  8",35,NA,"HYDROLAB","U","Critical Scientific Investigation (CSI)","(30.2635351223695, -97.7709796798271)",2715975,30.2635351223695,-97.7709796798271,561506,FALSE,"","2018"
"4","Barton Creek",2018-12-20,"Eliza Spring","Spring","Ground Water","Oxygen","DISSOLVED OXYGEN","","6.78","MG/L","Total","",428,NA,"HYDROLAB","U","Critical Scientific Investigation (CSI)","(30.2642461579302, -97.7700605859118)",2715963,30.2642461579302,-97.7700605859118,561512,FALSE,"","2018"
"5","Barton Creek",2018-12-20,"Eliza Spring","Spring","Ground Water","Oxygen","DISSOLVED OXYGEN","","6.91","MG/L","Total","",428,NA,"HYDROLAB","U","Critical Scientific Investigation (CSI)","(30.2642461579302, -97.7700605859118)",2718167,30.2642461579302,-97.7700605859118,561518,FALSE,"","2018"
"6","Barton Creek",2018-12-20,"Barton Spring","Spring","Ground Water","Oxygen","DISSOLVED OXYGEN","","6.8","MG/L","Total","35-Main Spring -Time  5",35,NA,"HYDROLAB","U","Critical Scientific Investigation (CSI)","(30.2635351223695, -97.7709796798271)",2715971,30.2635351223695,-97.7709796798271,561505,FALSE,"","2018"
"7","Barton Creek",2018-12-20,"Barton Spring","Spring","Ground Water","Oxygen","DISSOLVED OXYGEN","","6.89","MG/L","Total","35-Main Spring -Time  1",35,NA,"HYDROLAB","U","Critical Scientific Investigation (CSI)","(30.2635351223695, -97.7709796798271)",2718161,30.2635351223695,-97.7709796798271,561508,FALSE,"","2018"
"8","Barton Creek",2018-12-19,"Barton Spring","Spring","Ground Water","Oxygen","DISSOLVED OXYGEN","","6.79","MG/L","Total","MAIN BARTON",35,NA,"HYDROLAB","U","Critical Scientific Investigation (CSI)","(30.2635351223695, -97.7709796798271)",2715967,30.2635351223695,-97.7709796798271,561504,FALSE,"","2018"
"9","Barton Creek",2018-12-11,"Barton Spring Pool @ Downstream Dam","Stream","Ground Water","Oxygen","DISSOLVED OXYGEN","","7.24","MG/L","Dissolved","860-BSP @ Lower Dam",860,NA,"Quanta Probe","U","Barton Springs TPDES","(30.2640070647195, -97.7693825634433)",2689321,30.2640070647195,-97.7693825634433,560876,FALSE,"","2018"
"10","Barton Creek",2018-12-11,"Barton Spring","Spring","Ground Water","Oxygen","DISSOLVED OXYGEN","","7.01","MG/L","Dissolved","35-Barton Spg",35,NA,"Quanta Probe","U","Barton Springs TPDES","(30.2635351223695, -97.7709796798271)",2689324,30.2635351223695,-97.7709796798271,560879,FALSE,"","2018"
"11","Barton Creek",2018-12-11,"Upper Barton Spring","Spring","Ground Water","Oxygen","DISSOLVED OXYGEN","","7.38","MG/L","Dissolved","183-Upper Barton Spg",183,NA,"Quanta Probe","U","Barton Springs TPDES","(30.2635944614644, -97.7737817041223)",2689322,30.2635944614644,-97.7737817041223,560877,FALSE,"","2018"
"12","Barton Creek",2018-12-11,"Eliza Spring","Spring","Ground Water","Oxygen","DISSOLVED OXYGEN","","7.13","MG/L","Dissolved","428-Eliza Spg",428,NA,"Quanta Probe","U","Barton Springs TPDES","(30.2642461579302, -97.7700605859118)",2689320,30.2642461579302,-97.7700605859118,560875,FALSE,"","2018"
"13","Barton Creek",2018-12-11,"Backdoor Spring","Spring","Ground Water","Oxygen","DISSOLVED OXYGEN","","8.31","MG/L","Dissolved","160-Backdoor Spg",160,NA,"Quanta Probe","U","Barton Springs TPDES","(30.2594932474744, -97.8237008852486)",2689319,30.2594932474744,-97.8237008852486,560874,FALSE,"","2018"
"14","Barton Creek",2018-12-11,"Old Mill (Sunken Gardens) Spring","Spring","Ground Water","Oxygen","DISSOLVED OXYGEN","","6.22","MG/L","Dissolved","422-Old Mill Spg",422,NA,"Quanta Probe","U","Barton Springs TPDES","(30.26358486, -97.76807574)",2689323,30.26358486,-97.76807574,560878,FALSE,"","2018"
"15","Barton Creek",2018-11-14,"Barton Spring","Spring","Ground Water","Oxygen","DISSOLVED OXYGEN","","6.19","MG/L","Dissolved","35-Barton Spg",35,NA,"Quanta Probe","U","Barton Springs TPDES","(30.2635351223695, -97.7709796798271)",2697781,30.2635351223695,-97.7709796798271,560624,FALSE,"","2018"
"16","Barton Creek",2018-11-14,"Barton Spring Pool @ Downstream Dam","Stream","Ground Water","Oxygen","DISSOLVED OXYGEN","","6.95","MG/L","Dissolved","860-BSP @ Lower Dam",860,NA,"Quanta Probe","U","Barton Springs TPDES","(30.2640070647195, -97.7693825634433)",2697787,30.2640070647195,-97.7693825634433,560626,FALSE,"","2018"
"17","Barton Creek",2018-11-07,"Upper Barton Spring","Spring","Ground Water","Oxygen","DISSOLVED OXYGEN","","7.18","MG/L","Dissolved","183-WQ-Upper Barton Spg",183,NA,"HYDROLAB","U","Barton Spring Austin Blind Salamander Cap-Recap","(30.2635944614644, -97.7737817041223)",2710880,30.2635944614644,-97.7737817041223,560577,FALSE,"","2018"
"18","Barton Creek",2018-11-07,"Old Mill Stream (outflow from Sunken Gardens Pool)","Spring","Ground Water","Oxygen","DISSOLVED OXYGEN","","5.74","MG/L","Dissolved","3594-WQ-Old Mill Stream",3594,NA,"HYDROLAB","U","Barton Spring Austin Blind Salamander Cap-Recap","(30.2639043625811, -97.768098931091)",2710874,30.2639043625811,-97.768098931091,560601,FALSE,"","2018"
"19","Barton Creek",2018-10-30,"Barton Spring","Spring","Ground Water","Oxygen","DISSOLVED OXYGEN","","6.04","MG/L","Dissolved","35-Barton Spg",35,NA,"Quanta Probe","U","Barton Springs TPDES","(30.2635351223695, -97.7709796798271)",2679444,30.2635351223695,-97.7709796798271,557627,FALSE,"","2018"
"20","Barton Creek",2018-10-30,"Barton Spring Pool @ Downstream Dam","Stream","Ground Water","Oxygen","DISSOLVED OXYGEN","","6.03","MG/L","Dissolved","860-BSP @ Lower Dam",860,NA,"Quanta Probe","U","Barton Springs TPDES","(30.2640070647195, -97.7693825634433)",2679450,30.2640070647195,-97.7693825634433,557629,FALSE,"","2018"
"21","Barton Creek",2018-10-25,"Eliza Stream (outflow from Eliza Spring)","Stream","Ground Water","Oxygen","DISSOLVED OXYGEN","","6.14","MG/L","Dissolved","589-WQ-Eliza Stream",589,NA,"HYDROLAB","U","Eliza Stream Monitoring Project","(30.264200170384825, -97.76997227221727)",2689073,30.2642001703848,-97.7699722722173,560578,FALSE,"","2018"
"22","Barton Creek",2018-10-25,"Eliza Spring","Spring","Ground Water","Oxygen","DISSOLVED OXYGEN","","6.08","MG/L","Dissolved","428-WQ-Eliza Spg",428,NA,"HYDROLAB","U","Eliza Stream Monitoring Project","(30.2642461579302, -97.7700605859118)",2689079,30.2642461579302,-97.7700605859118,560580,FALSE,"","2018"
"23","Barton Creek",2018-09-19,"Barton Spring","Spring","Ground Water","Oxygen","DISSOLVED OXYGEN","","5.26","MG/L","Dissolved","35-Barton Spg",35,NA,"Quanta Probe","U","Barton Springs TPDES","(30.2635351223695, -97.7709796798271)",2683322,30.2635351223695,-97.7709796798271,556135,FALSE,"","2018"
"24","Barton Creek",2018-09-19,"Barton Spring Pool @ Downstream Dam","Stream","Ground Water","Oxygen","DISSOLVED OXYGEN","","6.01","MG/L","Dissolved","860-BSP @ Lower Dam",860,NA,"Quanta Probe","U","Barton Springs TPDES","(30.2640070647195, -97.7693825634433)",2684122,30.2640070647195,-97.7693825634433,556156,FALSE,"","2018"
"25","Barton Creek",2018-09-19,"Upper Barton Spring","Spring","Ground Water","Oxygen","DISSOLVED OXYGEN","","5.78","MG/L","Dissolved","183-Upper Barton Spg",183,NA,"Quanta Probe","U","Barton Springs TPDES","(30.2635944614644, -97.7737817041223)",2683373,30.2635944614644,-97.7737817041223,556149,FALSE,"","2018"
"26","Barton Creek",2018-09-19,"Old Mill (Sunken Gardens) Spring","Spring","Ground Water","Oxygen","DISSOLVED OXYGEN","","5.17","MG/L","Dissolved","422-Old Mill Spg",422,NA,"Quanta Probe","U","Barton Springs TPDES","(30.26358486, -97.76807574)",2683328,30.26358486,-97.76807574,556137,FALSE,"","2018"
"27","Barton Creek",2018-09-19,"Eliza Spring","Spring","Ground Water","Oxygen","DISSOLVED OXYGEN","","9.95","MG/L","Dissolved","428-Eliza Spg",428,NA,"Quanta Probe","U","Barton Springs TPDES","(30.2642461579302, -97.7700605859118)",2684128,30.2642461579302,-97.7700605859118,556158,FALSE,"","2018"
"28","Barton Creek",2018-08-15,"Barton Spring","Spring","Ground Water","Oxygen","DISSOLVED OXYGEN","","4.96","MG/L","Dissolved","35-Barton Spg",35,NA,"HYDROLAB","U","Barton Springs TPDES","(30.2635351223695, -97.7709796798271)",2639253,30.2635351223695,-97.7709796798271,528431,FALSE,"","2018"
"29","Barton Creek",2018-08-15,"Barton Spring Pool @ Downstream Dam","Stream","Ground Water","Oxygen","DISSOLVED OXYGEN","","5.12","MG/L","Dissolved","860-BSP @ Lower Dam",860,NA,"HYDROLAB","U","Barton Springs TPDES","(30.2640070647195, -97.7693825634433)",2639259,30.2640070647195,-97.7693825634433,528433,FALSE,"","2018"
"30","Barton Creek",2018-08-10,"Old Mill (Sunken Gardens) Spring","Spring","Ground Water","Oxygen","DISSOLVED OXYGEN","","4.48","MG/L","Dissolved","422-WQ-Old Mill Spg",422,NA,"HYDROLAB","U","Barton Spring Austin Blind Salamander Cap-Recap","(30.26358486, -97.76807574)",2635092,30.26358486,-97.76807574,555361,FALSE,"","2018"
"31","Barton Creek",2018-08-10,"Eliza Spring","Spring","Ground Water","Oxygen","DISSOLVED OXYGEN","","4.97","MG/L","Dissolved","428-WQ-Eliza Spg",428,NA,"HYDROLAB","U","Eliza Stream Monitoring Project","(30.2642461579302, -97.7700605859118)",2635080,30.2642461579302,-97.7700605859118,555359,FALSE,"","2018"
"32","Barton Creek",2018-08-10,"Eliza Stream (outflow from Eliza Spring)","Stream","Ground Water","Oxygen","DISSOLVED OXYGEN","","5.13","MG/L","Dissolved","589-WQ-Eliza Stream",589,NA,"HYDROLAB","U","Eliza Stream Monitoring Project","(30.264200170384825, -97.76997227221727)",2635086,30.2642001703848,-97.7699722722173,555360,FALSE,"","2018"
"33","Barton Creek",2018-07-19,"Barton Spring","Spring","Ground Water","Oxygen","DISSOLVED OXYGEN","","5.24","MG/L","Dissolved","35-Barton Spg",35,NA,"HYDROLAB","U","Barton Springs TPDES","(30.2635351223695, -97.7709796798271)",2635182,30.2635351223695,-97.7709796798271,528429,FALSE,"","2018"
"34","Barton Creek",2018-07-19,"Barton Spring Pool @ Downstream Dam","Stream","Ground Water","Oxygen","DISSOLVED OXYGEN","","5.45","MG/L","Dissolved","860-BSP @ Lower Dam",860,NA,"HYDROLAB","U","Barton Springs TPDES","(30.2640070647195, -97.7693825634433)",2635176,30.2640070647195,-97.7693825634433,528427,FALSE,"","2018"
"35","Barton Creek",2018-07-13,"Barton Creek Between Dams Upstream of Pool","Stream","Surface Water","Oxygen","DISSOLVED OXYGEN","","3.91","MG/L","Dissolved","879-BAR btwn dams us BSP",879,NA,"HYDROLAB","U","Escherichia coli Follow Up","(30.2636315522417, -97.7724721862967)",2634934,30.2636315522417,-97.7724721862967,528171,FALSE,"","2018"
"36","Barton Creek",2018-07-13,"Barton Spring main fissure upstream diving board","Spring","Surface Water","Oxygen","DISSOLVED OXYGEN","","5.29","MG/L","Dissolved","1520-2-BSP main fissure us diving board",1520,NA,"HYDROLAB","U","Escherichia coli Follow Up","(30.263563668069295, -97.77097441256046)",2634923,30.2635636680693,-97.7709744125605,528165,FALSE,"","2018"
"37","Barton Creek",2018-07-13,"Barton Spring main fissure upstream diving board","Spring","Surface Water","Oxygen","DISSOLVED OXYGEN","","5.65","MG/L","Dissolved","1520-1-BSP main fissure us diving board",1520,NA,"HYDROLAB","U","Escherichia coli Follow Up","(30.263563668069295, -97.77097441256046)",2634918,30.2635636680693,-97.7709744125605,528164,FALSE,"","2018"
"38","Barton Creek",2018-07-13,"Barton Spring Pool @ Downstream Dam","Stream","Surface Water","Oxygen","DISSOLVED OXYGEN","","5.81","MG/L","Dissolved","860-2-BSP @ Lower Dam",860,NA,"HYDROLAB","U","Escherichia coli Follow Up","(30.2640070647195, -97.7693825634433)",2634906,30.2640070647195,-97.7693825634433,528157,FALSE,"","2018"
"39","Barton Creek",2018-07-13,"Barton Spring Pool @ Downstream Dam","Stream","Surface Water","Oxygen","DISSOLVED OXYGEN","","6.16","MG/L","Dissolved","860-1-BSP @ Lower Dam",860,NA,"HYDROLAB","U","Escherichia coli Follow Up","(30.2640070647195, -97.7693825634433)",2634901,30.2640070647195,-97.7693825634433,528156,FALSE,"","2018"
"40","Barton Creek",2018-07-13,"Barton Springs Pool north @ upstream steps","Spring","Surface Water","Oxygen","DISSOLVED OXYGEN","","5.66","MG/L","Dissolved","2814-BSP N @ us steps",2814,NA,"HYDROLAB","U","Escherichia coli Follow Up","(30.26373625964172, -97.77119435369968)",2634889,30.2637362596417,-97.7711943536997,528149,FALSE,"","2018"
"41","Barton Creek",2018-07-13,"BS Pool Bypass Downstream of Eliza Mouth","Stream","Surface Water","Oxygen","DISSOLVED OXYGEN","","7.24","MG/L","Dissolved","4289-BSP Bypass ds Eliza",4289,NA,"HYDROLAB","U","Escherichia coli Follow Up","(30.2642093847664, -97.7694711295736)",2634880,30.2642093847664,-97.7694711295736,528145,FALSE,"","2018"
"42","Barton Creek",2018-07-13,"Barton Cr. ds BSP, us abandoned WW line","Stream","Surface Water","Oxygen","DISSOLVED OXYGEN","","7.42","MG/L","Dissolved","665-BAR ds BSP us ab. WW line",665,NA,"HYDROLAB","U","Escherichia coli Follow Up","(30.2640394524916, -97.7689127996564)",2634871,30.2640394524916,-97.7689127996564,528141,FALSE,"","2018"
"43","Barton Creek",2018-07-13,"Barton Creek Downstream of Barton Spring Pool","Stream","Surface Water","Oxygen","DISSOLVED OXYGEN","","7.6","MG/L","Dissolved","178-BAR ds BSP",178,NA,"HYDROLAB","U","Escherichia coli Follow Up","(30.2640835814403, -97.768670814505)",2634862,30.2640835814403,-97.768670814505,528137,FALSE,"","2018"
"44","Barton Creek",2018-07-13,"Barton Cr. ds BSP, ds WW line crossing","Stream","Surface Water","Oxygen","DISSOLVED OXYGEN","","7.8","MG/L","Dissolved","667-BAR ds BSP ds WW Line",667,NA,"HYDROLAB","U","Escherichia coli Follow Up","(30.2641075042443, -97.7684950456023)",2634853,30.2641075042443,-97.7684950456023,528133,FALSE,"","2018"
"45","Barton Creek",2018-07-13,"Barton Cr ds BSP, @ shoreline ds WW line crossings","Stream","Surface Water","Oxygen","DISSOLVED OXYGEN","","8.23","MG/L","Dissolved","1521-BAR ds BSP, @ shore ds WW lines",1521,NA,"HYDROLAB","U","Escherichia coli Follow Up","(30.264221888998847, -97.76850074529648)",2634844,30.2642218889988,-97.7685007452965,528128,FALSE,"","2018"
"46","Barton Creek",2018-06-27,"Barton Spring Pool @ Downstream Dam","Stream","Ground Water","Oxygen","DISSOLVED OXYGEN","","6.78","MG/L","Dissolved","860-BSP @ Lower Dam",860,NA,"Quanta Probe","U","Barton Springs TPDES","(30.2640070647195, -97.7693825634433)",2634655,30.2640070647195,-97.7693825634433,528051,FALSE,"","2018"
"47","Barton Creek",2018-06-27,"Barton Spring","Spring","Ground Water","Oxygen","DISSOLVED OXYGEN","","6.19","MG/L","Dissolved","35-Barton Spg",35,NA,"Quanta Probe","U","Barton Springs TPDES","(30.2635351223695, -97.7709796798271)",2634637,30.2635351223695,-97.7709796798271,528046,FALSE,"","2018"
"48","Barton Creek",2018-06-27,"Old Mill (Sunken Gardens) Spring","Spring","Ground Water","Oxygen","DISSOLVED OXYGEN","","5.81","MG/L","Dissolved","422-Old Mill Spg",422,NA,"Quanta Probe","U","Barton Springs TPDES","(30.26358486, -97.76807574)",2634575,30.26358486,-97.76807574,528023,FALSE,"","2018"
"49","Barton Creek",2018-06-27,"Eliza Spring","Spring","Ground Water","Oxygen","DISSOLVED OXYGEN","","5.38","MG/L","Dissolved","428-Eliza Spg",428,NA,"HYDROLAB","U","Barton Springs TPDES","(30.2642461579302, -97.7700605859118)",2634581,30.2642461579302,-97.7700605859118,528025,FALSE,"","2018"
"50","Barton Creek",2018-06-27,"Backdoor Spring","Spring","Ground Water","Oxygen","DISSOLVED OXYGEN","","7.71","MG/L","Dissolved","160-Backdoor Spg",160,NA,"HYDROLAB","U","Barton Springs TPDES","(30.2594932474744, -97.8237008852486)",2634550,30.2594932474744,-97.8237008852486,528012,FALSE,"","2018"
"51","Barton Creek",2018-05-23,"Upper Barton Spring","Spring","Ground Water","Oxygen","DISSOLVED OXYGEN","","6.99","MG/L","Dissolved","183-WQ-Upper Barton Spg",183,NA,"EPA 350.3","U","Barton Spring Austin Blind Salamander Cap-Recap","(30.2635944614644, -97.7737817041223)",2634726,30.2635944614644,-97.7737817041223,527565,FALSE,"","2018"
"52","Barton Creek",2018-05-23,"Old Mill (Sunken Gardens) Spring","Spring","Ground Water","Oxygen","DISSOLVED OXYGEN","","5.43","MG/L","Dissolved","422-WQ-Old Mill Spg",422,NA,"EPA 350.3","U","Barton Spring Austin Blind Salamander Cap-Recap","(30.26358486, -97.76807574)",2629563,30.26358486,-97.76807574,527539,FALSE,"","2018"
"53","Barton Creek",2018-05-23,"Barton Spring","Spring","Ground Water","Oxygen","DISSOLVED OXYGEN","","5.74","MG/L","Dissolved","35-Barton Spg",35,NA,"Quanta Probe","U","Barton Springs TPDES","(30.2635351223695, -97.7709796798271)",2634119,30.2635351223695,-97.7709796798271,527960,FALSE,"","2018"
"54","Barton Creek",2018-05-23,"Barton Spring Pool @ Downstream Dam","Stream","Ground Water","Oxygen","DISSOLVED OXYGEN","","5.88","MG/L","Dissolved","860-BSP @ Lower Dam",860,NA,"Quanta Probe","U","Barton Springs TPDES","(30.2640070647195, -97.7693825634433)",2634125,30.2640070647195,-97.7693825634433,527962,FALSE,"","2018"
"55","Barton Creek",2018-05-08,"Eliza Spring","Spring","Ground Water","Oxygen","DISSOLVED OXYGEN","","6.21","MG/L","Dissolved","428-WQ-Eliza Spg",428,NA,"HYDROLAB","U","Barton Spring Austin Blind Salamander Cap-Recap","(30.2642461579302, -97.7700605859118)",2630754,30.2642461579302,-97.7700605859118,527718,FALSE,"","2018"
"56","Barton Creek",2018-04-25,"Eliza Stream (outflow from Eliza Spring)","Stream","Ground Water","Oxygen","DISSOLVED OXYGEN","","5.22","MG/L","Dissolved","589-WQ-Eliza Stream",589,NA,"HYDROLAB","U","Eliza Stream Monitoring Project","(30.264200170384825, -97.76997227221727)",2630778,30.2642001703848,-97.7699722722173,527684,FALSE,"","2018"
"57","Barton Creek",2018-04-25,"Eliza Spring","Spring","Ground Water","Oxygen","DISSOLVED OXYGEN","","5.92","MG/L","Dissolved","428-WQ-Eliza Spg",428,NA,"HYDROLAB","U","Eliza Stream Monitoring Project","(30.2642461579302, -97.7700605859118)",2631088,30.2642461579302,-97.7700605859118,527683,FALSE,"","2018"
"58","Barton Creek",2018-04-18,"Old Mill (Sunken Gardens) Spring","Spring","Ground Water","Oxygen","DISSOLVED OXYGEN","","5.46","MG/L","Dissolved","422-Old Mill Spg",422,NA,"HYDROLAB","U","Barton Springs TPDES","(30.26358486, -97.76807574)",2626233,30.26358486,-97.76807574,526470,FALSE,"","2018"
"59","Barton Creek",2018-04-18,"Eliza Spring","Spring","Ground Water","Oxygen","DISSOLVED OXYGEN","","5.96","MG/L","Dissolved","428-Eliza Spg",428,NA,"HYDROLAB","U","Barton Springs TPDES","(30.2642461579302, -97.7700605859118)",2626059,30.2642461579302,-97.7700605859118,526472,FALSE,"","2018"
"60","Barton Creek",2018-04-18,"Barton Spring","Spring","Ground Water","Oxygen","DISSOLVED OXYGEN","","5.92","MG/L","Dissolved","35-Barton Spg",35,NA,"HYDROLAB","U","Barton Springs TPDES","(30.2635351223695, -97.7709796798271)",2626067,30.2635351223695,-97.7709796798271,526468,FALSE,"","2018"
"61","Barton Creek",2018-03-21,"Barton Spring Pool @ Downstream Dam","Stream","Ground Water","Oxygen","DISSOLVED OXYGEN","","6.73","MG/L","Dissolved","860-BSP @ Lower Dam",860,NA,"Quanta Probe","U","Barton Springs TPDES","(30.2640070647195, -97.7693825634433)",2626178,30.2640070647195,-97.7693825634433,526404,FALSE,"","2018"
"62","Barton Creek",2018-03-21,"Barton Spring","Spring","Ground Water","Oxygen","DISSOLVED OXYGEN","","5.71","MG/L","Dissolved","35-Barton Spg",35,NA,"Quanta Probe","U","Barton Springs TPDES","(30.2635351223695, -97.7709796798271)",2625895,30.2635351223695,-97.7709796798271,526273,FALSE,"","2018"
"63","Barton Creek",2018-03-21,"Old Mill (Sunken Gardens) Spring","Spring","Ground Water","Oxygen","DISSOLVED OXYGEN","","4.83","MG/L","Dissolved","422-Old Mill Spg",422,NA,"Quanta Probe","U","Barton Springs TPDES","(30.26358486, -97.76807574)",2626020,30.26358486,-97.76807574,526396,FALSE,"","2018"
"64","Barton Creek",2018-03-21,"Eliza Spring","Spring","Ground Water","Oxygen","DISSOLVED OXYGEN","","5.56","MG/L","Dissolved","428-Eliza Spg",428,NA,"Quanta Probe","U","Barton Springs TPDES","(30.2642461579302, -97.7700605859118)",2626184,30.2642461579302,-97.7700605859118,526420,FALSE,"","2018"
"65","Barton Creek",2018-03-21,"Backdoor Spring","Spring","Ground Water","Oxygen","DISSOLVED OXYGEN","","8.65","MG/L","Dissolved","160-Backdoor Spg",160,NA,"Quanta Probe","U","Barton Springs TPDES","(30.2594932474744, -97.8237008852486)",2625889,30.2594932474744,-97.8237008852486,526271,FALSE,"","2018"
"66","Barton Creek",2018-02-14,"Barton Spring","Spring","Ground Water","Oxygen","DISSOLVED OXYGEN","","5.71","MG/L","Dissolved","35-Barton Spg",35,NA,"Quanta Probe","U","Barton Springs TPDES","(30.2635351223695, -97.7709796798271)",2623257,30.2635351223695,-97.7709796798271,525294,FALSE,"","2018"
"67","Barton Creek",2018-02-14,"Barton Spring Pool @ Downstream Dam","Stream","Ground Water","Oxygen","DISSOLVED OXYGEN","","6.29","MG/L","Dissolved","860-BSP @ Lower Dam",860,NA,"Quanta Probe","U","Barton Springs TPDES","(30.2640070647195, -97.7693825634433)",2623263,30.2640070647195,-97.7693825634433,525296,FALSE,"","2018"
"68","Barton Creek",2018-02-12,"Eliza Spring","Spring","Ground Water","Oxygen","DISSOLVED OXYGEN","","5.39","MG/L","Dissolved","428-WQ-Eliza Spg",428,NA,"EPA 350.3","U","Barton Spring Austin Blind Salamander Cap-Recap","(30.2642461579302, -97.7700605859118)",2627760,30.2642461579302,-97.7700605859118,527533,FALSE,"","2018"
"69","Barton Creek",2018-02-09,"Old Mill (Sunken Gardens) Spring","Spring","Ground Water","Oxygen","DISSOLVED OXYGEN","","5.6","MG/L","Dissolved","422-WQ-Old Mill Spg",422,NA,"EPA 350.3","U","Barton Spring Austin Blind Salamander Cap-Recap","(30.26358486, -97.76807574)",2627779,30.26358486,-97.76807574,527536,FALSE,"","2018"
"70","Barton Creek",2018-02-09,"Upper Barton Spring","Spring","Ground Water","Oxygen","DISSOLVED OXYGEN","","7.08","MG/L","Dissolved","183-WQ-Upper Barton Spg",183,NA,"EPA 350.3","U","Barton Spring Austin Blind Salamander Cap-Recap","(30.2635944614644, -97.7737817041223)",2634706,30.2635944614644,-97.7737817041223,527562,FALSE,"","2018"
"71","Barton Creek",2018-02-08,"Eliza Stream (outflow from Eliza Spring)","Stream","Ground Water","Oxygen","DISSOLVED OXYGEN","","5.71","MG/L","Dissolved","589-WQ-Eliza Stream",589,NA,"HYDROLAB","U","Eliza Stream Monitoring Project","(30.264200170384825, -97.76997227221727)",2630772,30.2642001703848,-97.7699722722173,527724,FALSE,"","2018"
"72","Barton Creek",2018-01-10,"Barton Spring","Spring","Ground Water","Oxygen","DISSOLVED OXYGEN","","5.87","MG/L","Dissolved","35-Barton Spg",35,NA,"Quanta Probe","U","Barton Springs TPDES","(30.2635351223695, -97.7709796798271)",2617848,30.2635351223695,-97.7709796798271,524097,FALSE,"","2018"
"73","Barton Creek",2018-01-10,"Barton Spring Pool @ Downstream Dam","Stream","Ground Water","Oxygen","DISSOLVED OXYGEN","","6.47","MG/L","Dissolved","860-BSP @ Lower Dam",860,NA,"Quanta Probe","U","Barton Springs TPDES","(30.2640070647195, -97.7693825634433)",2617854,30.2640070647195,-97.7693825634433,524099,FALSE,"","2018"
"74","Lady Bird Lake",2018-12-18,"Lady Bird Lake @ Basin (AC)","Lake","Surface Water","Oxygen","DISSOLVED OXYGEN","","8.57","MG/L","Dissolved","1-LBL @ Basin BOTT",1,6.48,"HYDROLAB","U","Austin Lakes Index (ALI)","(30.2471428466364, -97.7163761748406)",2706181,30.2471428466364,-97.7163761748406,560898,FALSE,"","2018"
"75","Lady Bird Lake",2018-12-18,"Lady Bird Lake @ Basin (AC)","Lake","Surface Water","Oxygen","DISSOLVED OXYGEN","","8.67","MG/L","Dissolved","1-LBL @ Basin SURF",1,0.3,"HYDROLAB","U","Austin Lakes Index (ALI)","(30.2471428466364, -97.7163761748406)",2706107,30.2471428466364,-97.7163761748406,560891,FALSE,"","2018"
"76","Lady Bird Lake",2018-12-18,"Lady Bird Lake @ Basin (AC)","Lake","Surface Water","Oxygen","DISSOLVED OXYGEN","","8.59","MG/L","Dissolved","1-LBL @ Basin dp6",1,6,"HYDROLAB","U","Austin Lakes Index (ALI)","(30.2471428466364, -97.7163761748406)",2706180,30.2471428466364,-97.7163761748406,560897,FALSE,"","2018"
"77","Lady Bird Lake",2018-12-18,"Lady Bird Lake @ Basin (AC)","Lake","Surface Water","Oxygen","DISSOLVED OXYGEN","","8.59","MG/L","Dissolved","1-LBL @ Basin dp5",1,5,"HYDROLAB","U","Austin Lakes Index (ALI)","(30.2471428466364, -97.7163761748406)",2706179,30.2471428466364,-97.7163761748406,560896,FALSE,"","2018"
"78","Lady Bird Lake",2018-12-18,"Lady Bird Lake @ Basin (AC)","Lake","Surface Water","Oxygen","DISSOLVED OXYGEN","","8.58","MG/L","Dissolved","1-LBL @ Basin dp4",1,4,"HYDROLAB","U","Austin Lakes Index (ALI)","(30.2471428466364, -97.7163761748406)",2706178,30.2471428466364,-97.7163761748406,560895,FALSE,"","2018"
"79","Lady Bird Lake",2018-12-18,"Lady Bird Lake @ Basin (AC)","Lake","Surface Water","Oxygen","DISSOLVED OXYGEN","","8.58","MG/L","Dissolved","1-LBL @ Basin dp3",1,3,"HYDROLAB","U","Austin Lakes Index (ALI)","(30.2471428466364, -97.7163761748406)",2706177,30.2471428466364,-97.7163761748406,560894,FALSE,"","2018"
"80","Lady Bird Lake",2018-12-18,"Lady Bird Lake @ Basin (AC)","Lake","Surface Water","Oxygen","DISSOLVED OXYGEN","","8.59","MG/L","Dissolved","1-LBL @ Basin dp2",1,2,"HYDROLAB","U","Austin Lakes Index (ALI)","(30.2471428466364, -97.7163761748406)",2706176,30.2471428466364,-97.7163761748406,560893,FALSE,"","2018"
"81","Lady Bird Lake",2018-12-18,"Lady Bird Lake @ Basin (AC)","Lake","Surface Water","Oxygen","DISSOLVED OXYGEN","","8.6","MG/L","Dissolved","1-LBL @ Basin dp1",1,1,"HYDROLAB","U","Austin Lakes Index (ALI)","(30.2471428466364, -97.7163761748406)",2706175,30.2471428466364,-97.7163761748406,560892,FALSE,"","2018"
"82","Lady Bird Lake",2018-12-18,"Lady Bird Lake @ 1st St (CC)","Lake","Surface Water","Oxygen","DISSOLVED OXYGEN","","8.45","MG/L","Dissolved","2-LBL @ 1st BOTT",2,5.3,"HYDROLAB","U","Austin Lakes Index (ALI)","(30.2630555995556, -97.7475278001577)",2706106,30.2630555995556,-97.7475278001577,560947,FALSE,"","2018"
"83","Lady Bird Lake",2018-12-18,"Lady Bird Lake @ 1st St (CC)","Lake","Surface Water","Oxygen","DISSOLVED OXYGEN","","8.52","MG/L","Dissolved","2-LBL @ 1st SURF",2,0.3,"HYDROLAB","U","Austin Lakes Index (ALI)","(30.2630555995556, -97.7475278001577)",2705742,30.2630555995556,-97.7475278001577,560911,FALSE,"","2018"
"84","Lady Bird Lake",2018-12-18,"Lady Bird Lake @ 1st St (CC)","Lake","Surface Water","Oxygen","DISSOLVED OXYGEN","","8.45","MG/L","Dissolved","2-LBL @ 1st dp4",2,4,"HYDROLAB","U","Austin Lakes Index (ALI)","(30.2630555995556, -97.7475278001577)",2706104,30.2630555995556,-97.7475278001577,560945,FALSE,"","2018"
"85","Lady Bird Lake",2018-12-18,"Lady Bird Lake @ 1st St (CC)","Lake","Surface Water","Oxygen","DISSOLVED OXYGEN","","8.47","MG/L","Dissolved","2-LBL @ 1st dp5",2,5,"HYDROLAB","U","Austin Lakes Index (ALI)","(30.2630555995556, -97.7475278001577)",2706105,30.2630555995556,-97.7475278001577,560946,FALSE,"","2018"
"86","Lady Bird Lake",2018-12-18,"Lady Bird Lake @ 1st St (CC)","Lake","Surface Water","Oxygen","DISSOLVED OXYGEN","","8.5","MG/L","Dissolved","2-LBL @ 1st dp1",2,1,"HYDROLAB","U","Austin Lakes Index (ALI)","(30.2630555995556, -97.7475278001577)",2706119,30.2630555995556,-97.7475278001577,560942,FALSE,"","2018"
"87","Lady Bird Lake",2018-12-18,"Lady Bird Lake @ 1st St (CC)","Lake","Surface Water","Oxygen","DISSOLVED OXYGEN","","8.47","MG/L","Dissolved","2-LBL @ 1st dp2",2,2,"HYDROLAB","U","Austin Lakes Index (ALI)","(30.2630555995556, -97.7475278001577)",2706120,30.2630555995556,-97.7475278001577,560943,FALSE,"","2018"
"88","Lady Bird Lake",2018-12-18,"Lady Bird Lake @ 1st St (CC)","Lake","Surface Water","Oxygen","DISSOLVED OXYGEN","","8.47","MG/L","Dissolved","2-LBL @ 1st dp3",2,3,"HYDROLAB","U","Austin Lakes Index (ALI)","(30.2630555995556, -97.7475278001577)",2706121,30.2630555995556,-97.7475278001577,560944,FALSE,"","2018"
"89","Lady Bird Lake",2018-12-18,"Lady Bird Lake @ Red Bud Isle (EC)","Lake","Surface Water","Oxygen","DISSOLVED OXYGEN","","8.53","MG/L","Dissolved","5-LBL @ Red Bud BOTT",5,5.67,"HYDROLAB","U","Austin Lakes Index (ALI)","(30.2871112881052, -97.7857300357344)",2706124,30.2871112881052,-97.7857300357344,560910,FALSE,"","2018"
"90","Lady Bird Lake",2018-12-18,"Lady Bird Lake @ Red Bud Isle (EC)","Lake","Surface Water","Oxygen","DISSOLVED OXYGEN","","8.56","MG/L","Dissolved","5-LBL @ Red Bud dp3",5,3,"HYDROLAB","U","Austin Lakes Index (ALI)","(30.2871112881052, -97.7857300357344)",2706115,30.2871112881052,-97.7857300357344,560907,FALSE,"","2018"
"91","Lady Bird Lake",2018-12-18,"Lady Bird Lake @ Red Bud Isle (EC)","Lake","Surface Water","Oxygen","DISSOLVED OXYGEN","","8.53","MG/L","Dissolved","5-LBL @ Red Bud dp2",5,2,"HYDROLAB","U","Austin Lakes Index (ALI)","(30.2871112881052, -97.7857300357344)",2706114,30.2871112881052,-97.7857300357344,560906,FALSE,"","2018"
"92","Lady Bird Lake",2018-12-18,"Lady Bird Lake @ Red Bud Isle (EC)","Lake","Surface Water","Oxygen","DISSOLVED OXYGEN","","8.54","MG/L","Dissolved","5-LBL @ Red Bud dp5",5,5,"HYDROLAB","U","Austin Lakes Index (ALI)","(30.2871112881052, -97.7857300357344)",2706123,30.2871112881052,-97.7857300357344,560909,FALSE,"","2018"
"93","Lady Bird Lake",2018-12-18,"Lady Bird Lake @ Red Bud Isle (EC)","Lake","Surface Water","Oxygen","DISSOLVED OXYGEN","","8.52","MG/L","Dissolved","5-LBL @ Red Bud dp4",5,4,"HYDROLAB","U","Austin Lakes Index (ALI)","(30.2871112881052, -97.7857300357344)",2706122,30.2871112881052,-97.7857300357344,560908,FALSE,"","2018"
"94","Lady Bird Lake",2018-12-18,"Lady Bird Lake @ Red Bud Isle (EC)","Lake","Surface Water","Oxygen","DISSOLVED OXYGEN","","8.55","MG/L","Dissolved","5-LBL @ Red Bud dp1",5,1,"HYDROLAB","U","Austin Lakes Index (ALI)","(30.2871112881052, -97.7857300357344)",2706113,30.2871112881052,-97.7857300357344,560905,FALSE,"","2018"
"95","Lady Bird Lake",2018-12-18,"Lady Bird Lake @ Red Bud Isle (EC)","Lake","Surface Water","Oxygen","DISSOLVED OXYGEN","","8.53","MG/L","Dissolved","5-LBL @ Red Bud SURF",5,0.3,"HYDROLAB","U","Austin Lakes Index (ALI)","(30.2871112881052, -97.7857300357344)",2706112,30.2871112881052,-97.7857300357344,560904,FALSE,"","2018"
"96","Lady Bird Lake",2018-12-11,"Cold Spring","Spring","Ground Water","Oxygen","DISSOLVED OXYGEN","","7.61","MG/L","Dissolved","9-Cold Spg",9,NA,"Quanta Probe","U","Barton Springs TPDES","(30.2796281473922, -97.7805024014199)",2689325,30.2796281473922,-97.7805024014199,560880,FALSE,"","2018"
"97","Lady Bird Lake",2018-11-13,"Lady Bird Lake @ Basin (AC)","Lake","Surface Water","Oxygen","DISSOLVED OXYGEN","","8.11","MG/L","Dissolved","1-LBL @ Basin BOTT",1,5.65,"HYDROLAB","U","Austin Lakes Index (ALI)","(30.2471428466364, -97.7163761748406)",2703789,30.2471428466364,-97.7163761748406,560636,FALSE,"","2018"
"98","Lady Bird Lake",2018-11-13,"Lady Bird Lake @ Basin (AC)","Lake","Surface Water","Oxygen","DISSOLVED OXYGEN","","8.13","MG/L","Dissolved","1-LBL @ Basin dp4",1,4,"HYDROLAB","U","Austin Lakes Index (ALI)","(30.2471428466364, -97.7163761748406)",2703777,30.2471428466364,-97.7163761748406,560634,FALSE,"","2018"
"99","Lady Bird Lake",2018-11-13,"Lady Bird Lake @ Basin (AC)","Lake","Surface Water","Oxygen","DISSOLVED OXYGEN","","8.12","MG/L","Dissolved","1-LBL @ Basin dp3.02",1,3.02,"HYDROLAB","U","Austin Lakes Index (ALI)","(30.2471428466364, -97.7163761748406)",2703771,30.2471428466364,-97.7163761748406,560633,FALSE,"","2018"
"100","Lady Bird Lake",2018-11-13,"Lady Bird Lake @ Basin (AC)","Lake","Surface Water","Oxygen","DISSOLVED OXYGEN","","8.14","MG/L","Dissolved","1-LBL @ Basin dp5",1,5,"HYDROLAB","U","Austin Lakes Index (ALI)","(30.2471428466364, -97.7163761748406)",2703783,30.2471428466364,-97.7163761748406,560635,FALSE,"","2018"
"101","Lady Bird Lake",2018-11-13,"Lady Bird Lake @ Basin (AC)","Lake","Surface Water","Oxygen","DISSOLVED OXYGEN","","8.14","MG/L","Dissolved","1-LBL @ Basin dp1.02",1,1.02,"HYDROLAB","U","Austin Lakes Index (ALI)","(30.2471428466364, -97.7163761748406)",2703755,30.2471428466364,-97.7163761748406,560631,FALSE,"","2018"
"102","Lady Bird Lake",2018-11-13,"Lady Bird Lake @ Basin (AC)","Lake","Surface Water","Oxygen","DISSOLVED OXYGEN","","8.14","MG/L","Dissolved","1-LBL @ Basin dp2",1,2,"HYDROLAB","U","Austin Lakes Index (ALI)","(30.2471428466364, -97.7163761748406)",2703761,30.2471428466364,-97.7163761748406,560632,FALSE,"","2018"
"103","Lady Bird Lake",2018-11-13,"Lady Bird Lake @ Basin (AC)","Lake","Surface Water","Oxygen","DISSOLVED OXYGEN","","8.11","MG/L","Dissolved","1-LBL @ Basin SURF",1,0.3,"HYDROLAB","U","Austin Lakes Index (ALI)","(30.2471428466364, -97.7163761748406)",2703506,30.2471428466364,-97.7163761748406,560630,FALSE,"","2018"
"104","Lady Bird Lake",2018-11-13,"Lady Bird Lake @ 1st St (CC)","Lake","Surface Water","Oxygen","DISSOLVED OXYGEN","","7.95","MG/L","Dissolved","2-LBL @ 1st BOTT",2,4.92,"HYDROLAB","U","Austin Lakes Index (ALI)","(30.2630555995556, -97.7475278001577)",2703829,30.2630555995556,-97.7475278001577,560645,FALSE,"","2018"
"105","Lady Bird Lake",2018-11-13,"Lady Bird Lake @ 1st St (CC)","Lake","Surface Water","Oxygen","DISSOLVED OXYGEN","","7.97","MG/L","Dissolved","2-LBL @ 1st dp4.01",2,4.01,"HYDROLAB","U","Austin Lakes Index (ALI)","(30.2630555995556, -97.7475278001577)",2703823,30.2630555995556,-97.7475278001577,560644,FALSE,"","2018"
"106","Lady Bird Lake",2018-11-13,"Lady Bird Lake @ 1st St (CC)","Lake","Surface Water","Oxygen","DISSOLVED OXYGEN","","7.95","MG/L","Dissolved","2-LBL @ 1st dp1.01",2,1.01,"HYDROLAB","U","Austin Lakes Index (ALI)","(30.2630555995556, -97.7475278001577)",2703805,30.2630555995556,-97.7475278001577,560641,FALSE,"","2018"
"107","Lady Bird Lake",2018-11-13,"Lady Bird Lake @ 1st St (CC)","Lake","Surface Water","Oxygen","DISSOLVED OXYGEN","","7.95","MG/L","Dissolved","2-LBL @ 1st dp2",2,2,"HYDROLAB","U","Austin Lakes Index (ALI)","(30.2630555995556, -97.7475278001577)",2703811,30.2630555995556,-97.7475278001577,560642,FALSE,"","2018"
"108","Lady Bird Lake",2018-11-13,"Lady Bird Lake @ 1st St (CC)","Lake","Surface Water","Oxygen","DISSOLVED OXYGEN","","7.98","MG/L","Dissolved","2-LBL @ 1st dp3",2,3,"HYDROLAB","U","Austin Lakes Index (ALI)","(30.2630555995556, -97.7475278001577)",2703817,30.2630555995556,-97.7475278001577,560643,FALSE,"","2018"
"109","Lady Bird Lake",2018-11-13,"Lady Bird Lake @ 1st St (CC)","Lake","Surface Water","Oxygen","DISSOLVED OXYGEN","","7.97","MG/L","Dissolved","2-LBL @ 1st SURF",2,0.3,"HYDROLAB","U","Austin Lakes Index (ALI)","(30.2630555995556, -97.7475278001577)",2703798,30.2630555995556,-97.7475278001577,560640,FALSE,"","2018"
"110","Lady Bird Lake",2018-11-13,"Lady Bird Lake @ Red Bud Isle (EC)","Lake","Surface Water","Oxygen","DISSOLVED OXYGEN","","7.95","MG/L","Dissolved","5-LBL @ Red Bud BOTT",5,4.8,"HYDROLAB","U","Austin Lakes Index (ALI)","(30.2871112881052, -97.7857300357344)",2698578,30.2871112881052,-97.7857300357344,560621,FALSE,"","2018"
"111","Lady Bird Lake",2018-11-13,"Lady Bird Lake @ Red Bud Isle (EC)","Lake","Surface Water","Oxygen","DISSOLVED OXYGEN","","7.95","MG/L","Dissolved","5-LBL @ Red Bud dp3.99",5,3.99,"HYDROLAB","U","Austin Lakes Index (ALI)","(30.2871112881052, -97.7857300357344)",2698572,30.2871112881052,-97.7857300357344,560620,FALSE,"","2018"
"112","Lady Bird Lake",2018-11-13,"Lady Bird Lake @ Red Bud Isle (EC)","Lake","Surface Water","Oxygen","DISSOLVED OXYGEN","","7.95","MG/L","Dissolved","5-LBL @ Red Bud dp3",5,3,"HYDROLAB","U","Austin Lakes Index (ALI)","(30.2871112881052, -97.7857300357344)",2703857,30.2871112881052,-97.7857300357344,560652,FALSE,"","2018"
"113","Lady Bird Lake",2018-11-13,"Lady Bird Lake @ Red Bud Isle (EC)","Lake","Surface Water","Oxygen","DISSOLVED OXYGEN","","7.94","MG/L","Dissolved","5-LBL @ Red Bud dp1.02",5,1.02,"HYDROLAB","U","Austin Lakes Index (ALI)","(30.2871112881052, -97.7857300357344)",2703845,30.2871112881052,-97.7857300357344,560650,FALSE,"","2018"
"114","Lady Bird Lake",2018-11-13,"Lady Bird Lake @ Red Bud Isle (EC)","Lake","Surface Water","Oxygen","DISSOLVED OXYGEN","","7.94","MG/L","Dissolved","5-LBL @ Red Bud dp2.02",5,2.02,"HYDROLAB","U","Austin Lakes Index (ALI)","(30.2871112881052, -97.7857300357344)",2703851,30.2871112881052,-97.7857300357344,560651,FALSE,"","2018"
"115","Lady Bird Lake",2018-11-13,"Lady Bird Lake @ Red Bud Isle (EC)","Lake","Surface Water","Oxygen","DISSOLVED OXYGEN","","7.96","MG/L","Dissolved","5-LBL @ Red Bud SURF",5,0.3,"HYDROLAB","U","Austin Lakes Index (ALI)","(30.2871112881052, -97.7857300357344)",2703838,30.2871112881052,-97.7857300357344,560649,FALSE,"","2018"
"116","Lady Bird Lake",2018-10-25,"Lady Bird Lake @ Deep Eddy","Lake","Surface Water","Oxygen","DISSOLVED OXYGEN","","12.2","MG/L","Dissolved","10-Lady Bird Lake @ Deep Eddy",10,0.3,"HYDROLAB","U","Critical Scientific Investigation (CSI)","(30.2756113873465, -97.773957410063)",2688953,30.2756113873465,-97.773957410063,557330,FALSE,"Field Replica","2018"
"117","Lady Bird Lake",2018-10-25,"Lady Bird Lake @ Deep Eddy","Lake","Surface Water","Oxygen","DISSOLVED OXYGEN","","12.19","MG/L","Dissolved","10-Lady Bird Lake @ Deep Eddy",10,0.3,"HYDROLAB","U","Critical Scientific Investigation (CSI)","(30.2756113873465, -97.773957410063)",2688947,30.2756113873465,-97.773957410063,557329,FALSE,"Field Replica","2018"
"118","Lady Bird Lake",2018-10-25,"Lady Bird Lake @ Deep Eddy","Lake","Surface Water","Oxygen","DISSOLVED OXYGEN","","12.05","MG/L","Dissolved","10-Lady Bird Lake @ Deep Eddy",10,0.3,"HYDROLAB","U","Critical Scientific Investigation (CSI)","(30.2756113873465, -97.773957410063)",2688941,30.2756113873465,-97.773957410063,557328,FALSE,"","2018"
"119","Lady Bird Lake",2018-10-25,"Deep Eddy Hillside Well","Well","Ground Water","Oxygen","DISSOLVED OXYGEN","","9.71","MG/L","Dissolved","10434-Deep Eddy Hillside Well",10434,NA,"HYDROLAB","U","Critical Scientific Investigation (CSI)","(30.2762214767918, -97.7726734161908)",2688932,30.2762214767918,-97.7726734161908,557324,FALSE,"Field Replica","2018"
"120","Lady Bird Lake",2018-10-25,"Deep Eddy Hillside Well","Well","Ground Water","Oxygen","DISSOLVED OXYGEN","","9.25","MG/L","Dissolved","10434-Deep Eddy Hillside Well",10434,NA,"HYDROLAB","U","Critical Scientific Investigation (CSI)","(30.2762214767918, -97.7726734161908)",2688926,30.2762214767918,-97.7726734161908,557323,FALSE,"Field Replica","2018"
"121","Lady Bird Lake",2018-10-25,"Deep Eddy Hillside Well","Well","Ground Water","Oxygen","DISSOLVED OXYGEN","","9.39","MG/L","Dissolved","10434-Deep Eddy Hillside Well",10434,NA,"HYDROLAB","U","Critical Scientific Investigation (CSI)","(30.2762214767918, -97.7726734161908)",2688920,30.2762214767918,-97.7726734161908,557322,FALSE,"","2018"
"122","Lady Bird Lake",2018-10-25,"Deep Eddy Pool Well II","Well","Ground Water","Oxygen","DISSOLVED OXYGEN","","3.73","MG/L","Dissolved","4674-Deep Eddy Pool Well II",4674,NA,"HYDROLAB","U","Critical Scientific Investigation (CSI)","(30.27631445, -97.77323217)",2688861,30.27631445,-97.77323217,557304,FALSE,"Field Replica","2018"
"123","Lady Bird Lake",2018-10-25,"Deep Eddy Pool Well II","Well","Ground Water","Oxygen","DISSOLVED OXYGEN","","3.09","MG/L","Dissolved","4674-Deep Eddy Pool Well II",4674,NA,"HYDROLAB","U","Critical Scientific Investigation (CSI)","(30.27631445, -97.77323217)",2677751,30.27631445,-97.77323217,557303,FALSE,"Field Replica","2018"
"124","Lady Bird Lake",2018-10-25,"Deep Eddy Pool Well II","Well","Ground Water","Oxygen","DISSOLVED OXYGEN","","2.42","MG/L","Dissolved","4674-Deep Eddy Pool Well II",4674,NA,"HYDROLAB","U","Critical Scientific Investigation (CSI)","(30.27631445, -97.77323217)",2677745,30.27631445,-97.77323217,557340,FALSE,"","2018"
"125","Lady Bird Lake",2018-10-25,"Deep Eddy Upstream Well","Well","Ground Water","Oxygen","DISSOLVED OXYGEN","","2.49","MG/L","Dissolved","759-Deep Eddy Upstream Well",759,NA,"HYDROLAB","U","Critical Scientific Investigation (CSI)","(30.27689949, -97.7736308)",2688968,30.27689949,-97.7736308,557335,FALSE,"Field Replica","2018"
"126","Lady Bird Lake",2018-10-25,"Deep Eddy Upstream Well","Well","Ground Water","Oxygen","DISSOLVED OXYGEN","","2.7","MG/L","Dissolved","759-Deep Eddy Upstream Well",759,NA,"HYDROLAB","U","Critical Scientific Investigation (CSI)","(30.27689949, -97.7736308)",2677736,30.27689949,-97.7736308,557336,FALSE,"Field Replica","2018"
"127","Lady Bird Lake",2018-10-25,"Deep Eddy Upstream Well","Well","Ground Water","Oxygen","DISSOLVED OXYGEN","","2.87","MG/L","Dissolved","759-Deep Eddy Upstream Well",759,NA,"HYDROLAB","U","Critical Scientific Investigation (CSI)","(30.27689949, -97.7736308)",2688962,30.27689949,-97.7736308,557334,FALSE,"","2018"
"128","Lady Bird Lake",2018-09-24,"Lady Bird Lake @ Basin (AC)","Lake","Surface Water","Oxygen","DISSOLVED OXYGEN","","0.43","MG/L","Dissolved","1-LBL @ Basin BOTT",1,6.51,"HYDROLAB","U","Austin Lakes Index (ALI)","(30.2471428466364, -97.7163761748406)",2683358,30.2471428466364,-97.7163761748406,556109,FALSE,"","2018"
"129","Lady Bird Lake",2018-09-24,"Lady Bird Lake @ Basin (AC)","Lake","Surface Water","Oxygen","DISSOLVED OXYGEN","","7.65","MG/L","Dissolved","1-LBL @ Basin dp2",1,2,"HYDROLAB","U","Austin Lakes Index (ALI)","(30.2471428466364, -97.7163761748406)",2682441,30.2471428466364,-97.7163761748406,556101,FALSE,"","2018"
"130","Lady Bird Lake",2018-09-24,"Lady Bird Lake @ Basin (AC)","Lake","Surface Water","Oxygen","DISSOLVED OXYGEN","","6.26","MG/L","Dissolved","1-LBL @ Basin dp3",1,3,"HYDROLAB","U","Austin Lakes Index (ALI)","(30.2471428466364, -97.7163761748406)",2682447,30.2471428466364,-97.7163761748406,556102,FALSE,"","2018"
"131","Lady Bird Lake",2018-09-24,"Lady Bird Lake @ Basin (AC)","Lake","Surface Water","Oxygen","DISSOLVED OXYGEN","","1.95","MG/L","Dissolved","1-LBL @ Basin dp5",1,5,"HYDROLAB","U","Austin Lakes Index (ALI)","(30.2471428466364, -97.7163761748406)",2682477,30.2471428466364,-97.7163761748406,556107,FALSE,"","2018"
"132","Lady Bird Lake",2018-09-24,"Lady Bird Lake @ Basin (AC)","Lake","Surface Water","Oxygen","DISSOLVED OXYGEN","","1.77","MG/L","Dissolved","1-LBL @ Basin dp6",1,6,"HYDROLAB","U","Austin Lakes Index (ALI)","(30.2471428466364, -97.7163761748406)",2682483,30.2471428466364,-97.7163761748406,556108,FALSE,"","2018"
"133","Lady Bird Lake",2018-09-24,"Lady Bird Lake @ Basin (AC)","Lake","Surface Water","Oxygen","DISSOLVED OXYGEN","","4.15","MG/L","Dissolved","1-LBL @ Basin dp4",1,4,"HYDROLAB","U","Austin Lakes Index (ALI)","(30.2471428466364, -97.7163761748406)",2682453,30.2471428466364,-97.7163761748406,556103,FALSE,"","2018"
"134","Lady Bird Lake",2018-09-24,"Lady Bird Lake @ Basin (AC)","Lake","Surface Water","Oxygen","DISSOLVED OXYGEN","","8.03","MG/L","Dissolved","1-LBL @ Basin dp1",1,1,"HYDROLAB","U","Austin Lakes Index (ALI)","(30.2471428466364, -97.7163761748406)",2682417,30.2471428466364,-97.7163761748406,556097,FALSE,"","2018"
"135","Lady Bird Lake",2018-09-24,"Lady Bird Lake @ Basin (AC)","Lake","Surface Water","Oxygen","DISSOLVED OXYGEN","","8.23","MG/L","Dissolved","1-LBL @ Basin SURF",1,0.3,"HYDROLAB","U","Austin Lakes Index (ALI)","(30.2471428466364, -97.7163761748406)",2683316,30.2471428466364,-97.7163761748406,556096,FALSE,"","2018"
"136","Lady Bird Lake",2018-09-24,"Lady Bird Lake @ Red Bud Isle (EC)","Lake","Surface Water","Oxygen","DISSOLVED OXYGEN","","7","MG/L","Dissolved","5-LBL @ Red Bud SURF",5,0.3,"HYDROLAB","U","Austin Lakes Index (ALI)","(30.2871112881052, -97.7857300357344)",2684163,30.2871112881052,-97.7857300357344,556166,FALSE,"","2018"
"137","Lady Bird Lake",2018-09-24,"Lady Bird Lake @ 1st St (CC)","Lake","Surface Water","Oxygen","DISSOLVED OXYGEN","","4.42","MG/L","Dissolved","2-LBL @ 1st BOTT",2,4.6,"HYDROLAB","U","Austin Lakes Index (ALI)","(30.2630555995556, -97.7475278001577)",2684155,30.2630555995556,-97.7475278001577,556162,FALSE,"","2018"
"138","Lady Bird Lake",2018-09-24,"Lady Bird Lake @ 1st St (CC)","Lake","Surface Water","Oxygen","DISSOLVED OXYGEN","","5.55","MG/L","Dissolved","2-LBL @ 1st dp1",2,1,"HYDROLAB","U","Austin Lakes Index (ALI)","(30.2630555995556, -97.7475278001577)",2683388,30.2630555995556,-97.7475278001577,556154,FALSE,"","2018"
"139","Lady Bird Lake",2018-09-24,"Lady Bird Lake @ 1st St (CC)","Lake","Surface Water","Oxygen","DISSOLVED OXYGEN","","5.67","MG/L","Dissolved","2-LBL @ 1st dp2",2,2,"HYDROLAB","U","Austin Lakes Index (ALI)","(30.2630555995556, -97.7475278001577)",2684137,30.2630555995556,-97.7475278001577,556159,FALSE,"","2018"
"140","Lady Bird Lake",2018-09-24,"Lady Bird Lake @ 1st St (CC)","Lake","Surface Water","Oxygen","DISSOLVED OXYGEN","","4.76","MG/L","Dissolved","2-LBL @ 1st dp4",2,4,"HYDROLAB","U","Austin Lakes Index (ALI)","(30.2630555995556, -97.7475278001577)",2684149,30.2630555995556,-97.7475278001577,556161,FALSE,"","2018"
"141","Lady Bird Lake",2018-09-24,"Lady Bird Lake @ 1st St (CC)","Lake","Surface Water","Oxygen","DISSOLVED OXYGEN","","4.72","MG/L","Dissolved","2-LBL @ 1st dp3",2,3,"HYDROLAB","U","Austin Lakes Index (ALI)","(30.2630555995556, -97.7475278001577)",2684143,30.2630555995556,-97.7475278001577,556160,FALSE,"","2018"
"142","Lady Bird Lake",2018-09-24,"Lady Bird Lake @ 1st St (CC)","Lake","Surface Water","Oxygen","DISSOLVED OXYGEN","","6.16","MG/L","Dissolved","2-LBL @ 1st SURF",2,0.3,"HYDROLAB","U","Austin Lakes Index (ALI)","(30.2630555995556, -97.7475278001577)",2683381,30.2630555995556,-97.7475278001577,556153,FALSE,"","2018"
"143","Lady Bird Lake",2018-09-24,"Lady Bird Lake @ Red Bud Isle (EC)","Lake","Surface Water","Oxygen","DISSOLVED OXYGEN","","6.37","MG/L","Dissolved","5-LBL @ Red Bud BOTT",5,4.8,"HYDROLAB","U","Austin Lakes Index (ALI)","(30.2871112881052, -97.7857300357344)",2684194,30.2871112881052,-97.7857300357344,556171,FALSE,"","2018"
"144","Lady Bird Lake",2018-09-24,"Lady Bird Lake @ Red Bud Isle (EC)","Lake","Surface Water","Oxygen","DISSOLVED OXYGEN","","5.46","MG/L","Dissolved","5-LBL @ Red Bud dp4",5,4,"HYDROLAB","U","Austin Lakes Index (ALI)","(30.2871112881052, -97.7857300357344)",2684188,30.2871112881052,-97.7857300357344,556170,FALSE,"","2018"
"145","Lady Bird Lake",2018-09-24,"Lady Bird Lake @ Red Bud Isle (EC)","Lake","Surface Water","Oxygen","DISSOLVED OXYGEN","","5.77","MG/L","Dissolved","5-LBL @ Red Bud dp3",5,3,"HYDROLAB","U","Austin Lakes Index (ALI)","(30.2871112881052, -97.7857300357344)",2684182,30.2871112881052,-97.7857300357344,556169,FALSE,"","2018"
"146","Lady Bird Lake",2018-09-24,"Lady Bird Lake @ Red Bud Isle (EC)","Lake","Surface Water","Oxygen","DISSOLVED OXYGEN","","4.33","MG/L","Dissolved","5-LBL @ Red Bud dp2",5,2,"HYDROLAB","U","Austin Lakes Index (ALI)","(30.2871112881052, -97.7857300357344)",2684176,30.2871112881052,-97.7857300357344,556168,FALSE,"","2018"
"147","Lady Bird Lake",2018-09-24,"Lady Bird Lake @ Red Bud Isle (EC)","Lake","Surface Water","Oxygen","DISSOLVED OXYGEN","","6.62","MG/L","Dissolved","5-LBL @ Red Bud dp1",5,1,"HYDROLAB","U","Austin Lakes Index (ALI)","(30.2871112881052, -97.7857300357344)",2684170,30.2871112881052,-97.7857300357344,556167,FALSE,"","2018"
"148","Lady Bird Lake",2018-09-19,"Cold Spring","Spring","Ground Water","Oxygen","DISSOLVED OXYGEN","","6.49","MG/L","Dissolved","9-Cold Spg",9,NA,"Quanta Probe","U","Barton Springs TPDES","(30.2796281473922, -97.7805024014199)",2683334,30.2796281473922,-97.7805024014199,556139,FALSE,"","2018"
"149","Lady Bird Lake",2018-08-21,"Lady Bird Lake @ Basin (AC)","Lake","Surface Water","Oxygen","DISSOLVED OXYGEN","","0.85","MG/L","Dissolved","1-LBL @ Basin BOTT",1,6.84,"HYDROLAB","U","Austin Lakes Index (ALI)","(30.2471428466364, -97.7163761748406)",2684977,30.2471428466364,-97.7163761748406,555938,FALSE,"","2018"
"150","Lady Bird Lake",2018-08-21,"Lady Bird Lake @ Basin (AC)","Lake","Surface Water","Oxygen","DISSOLVED OXYGEN","","6.2","MG/L","Dissolved","1-LBL @ Basin dp5",1,5,"HYDROLAB","U","Austin Lakes Index (ALI)","(30.2471428466364, -97.7163761748406)",2684965,30.2471428466364,-97.7163761748406,555936,FALSE,"","2018"
"151","Lady Bird Lake",2018-08-21,"Lady Bird Lake @ Basin (AC)","Lake","Surface Water","Oxygen","DISSOLVED OXYGEN","","2.87","MG/L","Dissolved","1-LBL @ Basin dp6",1,6,"HYDROLAB","U","Austin Lakes Index (ALI)","(30.2471428466364, -97.7163761748406)",2684971,30.2471428466364,-97.7163761748406,555937,FALSE,"","2018"
"152","Lady Bird Lake",2018-08-21,"Lady Bird Lake @ Basin (AC)","Lake","Surface Water","Oxygen","DISSOLVED OXYGEN","","8.14","MG/L","Dissolved","1-LBL @ Basin dp4.01",1,4.01,"HYDROLAB","U","Austin Lakes Index (ALI)","(30.2471428466364, -97.7163761748406)",2684942,30.2471428466364,-97.7163761748406,555931,FALSE,"","2018"
"153","Lady Bird Lake",2018-08-21,"Lady Bird Lake @ Basin (AC)","Lake","Surface Water","Oxygen","DISSOLVED OXYGEN","","9.06","MG/L","Dissolved","1-LBL @ Basin SURF",1,0.3,"HYDROLAB","U","Austin Lakes Index (ALI)","(30.2471428466364, -97.7163761748406)",2685681,30.2471428466364,-97.7163761748406,555966,FALSE,"","2018"
"154","Lady Bird Lake",2018-08-21,"Lady Bird Lake @ Basin (AC)","Lake","Surface Water","Oxygen","DISSOLVED OXYGEN","","8.91","MG/L","Dissolved","1-LBL @ Basin dp0.99",1,0.99,"HYDROLAB","U","Austin Lakes Index (ALI)","(30.2471428466364, -97.7163761748406)",2685688,30.2471428466364,-97.7163761748406,555967,FALSE,"","2018"
"155","Lady Bird Lake",2018-08-21,"Lady Bird Lake @ Basin (AC)","Lake","Surface Water","Oxygen","DISSOLVED OXYGEN","","8.93","MG/L","Dissolved","1-LBL @ Basin dp1.99",1,1.99,"HYDROLAB","U","Austin Lakes Index (ALI)","(30.2471428466364, -97.7163761748406)",2685707,30.2471428466364,-97.7163761748406,555968,FALSE,"","2018"
"156","Lady Bird Lake",2018-08-21,"Lady Bird Lake @ Basin (AC)","Lake","Surface Water","Oxygen","DISSOLVED OXYGEN","","8.47","MG/L","Dissolved","1-LBL @ Basin dp3.01",1,3.01,"HYDROLAB","U","Austin Lakes Index (ALI)","(30.2471428466364, -97.7163761748406)",2685713,30.2471428466364,-97.7163761748406,555930,FALSE,"","2018"
"157","Lady Bird Lake",2018-08-21,"Lady Bird Lake @ 1st St (CC)","Lake","Surface Water","Oxygen","DISSOLVED OXYGEN","","8.6","MG/L","Dissolved","2-LBL @ 1st BOTT",2,4.61,"HYDROLAB","U","Austin Lakes Index (ALI)","(30.2630555995556, -97.7475278001577)",2686441,30.2630555995556,-97.7475278001577,555991,FALSE,"","2018"
"158","Lady Bird Lake",2018-08-21,"Lady Bird Lake @ 1st St (CC)","Lake","Surface Water","Oxygen","DISSOLVED OXYGEN","","8.55","MG/L","Dissolved","2-LBL @ 1st dp2.99",2,2.99,"HYDROLAB","U","Austin Lakes Index (ALI)","(30.2630555995556, -97.7475278001577)",2686413,30.2630555995556,-97.7475278001577,555986,FALSE,"","2018"
"159","Lady Bird Lake",2018-08-21,"Lady Bird Lake @ 1st St (CC)","Lake","Surface Water","Oxygen","DISSOLVED OXYGEN","","8.56","MG/L","Dissolved","2-LBL @ 1st dp2.01",2,2.01,"HYDROLAB","U","Austin Lakes Index (ALI)","(30.2630555995556, -97.7475278001577)",2686407,30.2630555995556,-97.7475278001577,555985,FALSE,"","2018"
"160","Lady Bird Lake",2018-08-21,"Lady Bird Lake @ 1st St (CC)","Lake","Surface Water","Oxygen","DISSOLVED OXYGEN","","8.57","MG/L","Dissolved","2-LBL @ 1st dp4.01",2,4.01,"HYDROLAB","U","Austin Lakes Index (ALI)","(30.2630555995556, -97.7475278001577)",2686419,30.2630555995556,-97.7475278001577,555987,FALSE,"","2018"
"161","Lady Bird Lake",2018-08-21,"Lady Bird Lake @ 1st St (CC)","Lake","Surface Water","Oxygen","DISSOLVED OXYGEN","","8.6","MG/L","Dissolved","2-LBL @ 1st SURF",2,0.3,"HYDROLAB","U","Austin Lakes Index (ALI)","(30.2630555995556, -97.7475278001577)",2685758,30.2630555995556,-97.7475278001577,555945,FALSE,"","2018"
"162","Lady Bird Lake",2018-08-21,"Lady Bird Lake @ 1st St (CC)","Lake","Surface Water","Oxygen","DISSOLVED OXYGEN","","8.57","MG/L","Dissolved","2-LBL @ 1st dp1",2,1,"HYDROLAB","U","Austin Lakes Index (ALI)","(30.2630555995556, -97.7475278001577)",2685765,30.2630555995556,-97.7475278001577,555981,FALSE,"","2018"
"163","Lady Bird Lake",2018-08-21,"Lady Bird Lake @ Red Bud Isle (EC)","Lake","Surface Water","Oxygen","DISSOLVED OXYGEN","","7.81","MG/L","Dissolved","5-LBL @ Red Bud dp5",5,5,"HYDROLAB","U","Austin Lakes Index (ALI)","(30.2871112881052, -97.7857300357344)",2686488,30.2871112881052,-97.7857300357344,556001,FALSE,"","2018"
"164","Lady Bird Lake",2018-08-21,"Lady Bird Lake @ Red Bud Isle (EC)","Lake","Surface Water","Oxygen","DISSOLVED OXYGEN","","7.79","MG/L","Dissolved","5-LBL @ Red Bud BOTT",5,5.32,"HYDROLAB","U","Austin Lakes Index (ALI)","(30.2871112881052, -97.7857300357344)",2686494,30.2871112881052,-97.7857300357344,556002,FALSE,"","2018"
"165","Lady Bird Lake",2018-08-21,"Lady Bird Lake @ Red Bud Isle (EC)","Lake","Surface Water","Oxygen","DISSOLVED OXYGEN","","7.73","MG/L","Dissolved","5-LBL @ Red Bud dp3.99",5,3.99,"HYDROLAB","U","Austin Lakes Index (ALI)","(30.2871112881052, -97.7857300357344)",2686482,30.2871112881052,-97.7857300357344,556000,FALSE,"","2018"
"166","Lady Bird Lake",2018-08-21,"Lady Bird Lake @ Red Bud Isle (EC)","Lake","Surface Water","Oxygen","DISSOLVED OXYGEN","","7.68","MG/L","Dissolved","5-LBL @ Red Bud dp3",5,3,"HYDROLAB","U","Austin Lakes Index (ALI)","(30.2871112881052, -97.7857300357344)",2686476,30.2871112881052,-97.7857300357344,555999,FALSE,"","2018"
"167","Lady Bird Lake",2018-08-21,"Lady Bird Lake @ Red Bud Isle (EC)","Lake","Surface Water","Oxygen","DISSOLVED OXYGEN","","7.65","MG/L","Dissolved","5-LBL @ Red Bud dp2",5,2,"HYDROLAB","U","Austin Lakes Index (ALI)","(30.2871112881052, -97.7857300357344)",2686470,30.2871112881052,-97.7857300357344,555998,FALSE,"","2018"
"168","Lady Bird Lake",2018-08-21,"Lady Bird Lake @ Red Bud Isle (EC)","Lake","Surface Water","Oxygen","DISSOLVED OXYGEN","","7.67","MG/L","Dissolved","5-LBL @ Red Bud dp1",5,1,"HYDROLAB","U","Austin Lakes Index (ALI)","(30.2871112881052, -97.7857300357344)",2686464,30.2871112881052,-97.7857300357344,555996,FALSE,"","2018"
"169","Lady Bird Lake",2018-08-21,"Lady Bird Lake @ Red Bud Isle (EC)","Lake","Surface Water","Oxygen","DISSOLVED OXYGEN","","7.75","MG/L","Dissolved","5-LBL @ Red Bud SURF",5,0.3,"HYDROLAB","U","Austin Lakes Index (ALI)","(30.2871112881052, -97.7857300357344)",2686450,30.2871112881052,-97.7857300357344,555995,FALSE,"","2018"
"170","Lady Bird Lake",2018-07-16,"Lady Bird Lake @ Basin (AC)","Lake","Surface Water","Oxygen","DISSOLVED OXYGEN","","1.46","MG/L","Dissolved","1-LBL @ Basin dp6",1,6,"HYDROLAB","U","Austin Lakes Index (ALI)","(30.2471428466364, -97.7163761748406)",2634314,30.2471428466364,-97.7163761748406,527982,FALSE,"","2018"
"171","Lady Bird Lake",2018-07-16,"Lady Bird Lake @ Basin (AC)","Lake","Surface Water","Oxygen","DISSOLVED OXYGEN","","1.35","MG/L","Dissolved","1-LBL @ Basin BOTT",1,6.1,"HYDROLAB","U","Austin Lakes Index (ALI)","(30.2471428466364, -97.7163761748406)",2634320,30.2471428466364,-97.7163761748406,527983,FALSE,"","2018"
"172","Lady Bird Lake",2018-07-16,"Lady Bird Lake @ Basin (AC)","Lake","Surface Water","Oxygen","DISSOLVED OXYGEN","","5.55","MG/L","Dissolved","1-LBL @ Basin dp4",1,4,"HYDROLAB","U","Austin Lakes Index (ALI)","(30.2471428466364, -97.7163761748406)",2634647,30.2471428466364,-97.7163761748406,528049,FALSE,"","2018"
"173","Lady Bird Lake",2018-07-16,"Lady Bird Lake @ Basin (AC)","Lake","Surface Water","Oxygen","DISSOLVED OXYGEN","","4.66","MG/L","Dissolved","1-LBL @ Basin SURF",1,5,"HYDROLAB","U","Austin Lakes Index (ALI)","(30.2471428466364, -97.7163761748406)",2634653,30.2471428466364,-97.7163761748406,528050,FALSE,"","2018"
"174","Lady Bird Lake",2018-07-16,"Lady Bird Lake @ Basin (AC)","Lake","Surface Water","Oxygen","DISSOLVED OXYGEN","","6.41","MG/L","Dissolved","1-LBL @ Basin dp3",1,3,"HYDROLAB","U","Austin Lakes Index (ALI)","(30.2471428466364, -97.7163761748406)",2634583,30.2471428466364,-97.7163761748406,528026,FALSE,"","2018"
"175","Lady Bird Lake",2018-07-16,"Lady Bird Lake @ Basin (AC)","Lake","Surface Water","Oxygen","DISSOLVED OXYGEN","","7.22","MG/L","Dissolved","1-LBL @ Basin dp2",1,2,"HYDROLAB","U","Austin Lakes Index (ALI)","(30.2471428466364, -97.7163761748406)",2634565,30.2471428466364,-97.7163761748406,528021,FALSE,"","2018"
"176","Lady Bird Lake",2018-07-16,"Lady Bird Lake @ Basin (AC)","Lake","Surface Water","Oxygen","DISSOLVED OXYGEN","","8.98","MG/L","Dissolved","1-LBL @ Basin dp1",1,1,"HYDROLAB","U","Austin Lakes Index (ALI)","(30.2471428466364, -97.7163761748406)",2634559,30.2471428466364,-97.7163761748406,528020,FALSE,"","2018"
"177","Lady Bird Lake",2018-07-16,"Lady Bird Lake @ Basin (AC)","Lake","Surface Water","Oxygen","DISSOLVED OXYGEN","","8.95","MG/L","Dissolved","1-LBL @ Basin SURF",1,0.3,"HYDROLAB","U","Austin Lakes Index (ALI)","(30.2471428466364, -97.7163761748406)",2634790,30.2471428466364,-97.7163761748406,528019,FALSE,"","2018"
"178","Lady Bird Lake",2018-07-16,"Lady Bird Lake @ 1st St (CC)","Lake","Surface Water","Oxygen","DISSOLVED OXYGEN","","7.35","MG/L","Dissolved","2-LBL @ 1st BOTT",2,4.69,"HYDROLAB","U","Austin Lakes Index (ALI)","(30.2630555995556, -97.7475278001577)",2634625,30.2630555995556,-97.7475278001577,528042,FALSE,"","2018"
"179","Lady Bird Lake",2018-07-16,"Lady Bird Lake @ 1st St (CC)","Lake","Surface Water","Oxygen","DISSOLVED OXYGEN","","7.65","MG/L","Dissolved","2-LBL @ 1st dp4",2,4,"HYDROLAB","U","Austin Lakes Index (ALI)","(30.2630555995556, -97.7475278001577)",2634619,30.2630555995556,-97.7475278001577,528041,FALSE,"","2018"
"180","Lady Bird Lake",2018-07-16,"Lady Bird Lake @ 1st St (CC)","Lake","Surface Water","Oxygen","DISSOLVED OXYGEN","","7.66","MG/L","Dissolved","2-LBL @ 1st dp3",2,3,"HYDROLAB","U","Austin Lakes Index (ALI)","(30.2630555995556, -97.7475278001577)",2634613,30.2630555995556,-97.7475278001577,528016,FALSE,"","2018"
"181","Lady Bird Lake",2018-07-16,"Lady Bird Lake @ 1st St (CC)","Lake","Surface Water","Oxygen","DISSOLVED OXYGEN","","7.71","MG/L","Dissolved","2-LBL @ 1st dp2",2,2,"HYDROLAB","U","Austin Lakes Index (ALI)","(30.2630555995556, -97.7475278001577)",2634543,30.2630555995556,-97.7475278001577,528015,FALSE,"","2018"
"182","Lady Bird Lake",2018-07-16,"Lady Bird Lake @ 1st St (CC)","Lake","Surface Water","Oxygen","DISSOLVED OXYGEN","","7.88","MG/L","Dissolved","2-LBL @ 1st dp1",2,1,"HYDROLAB","U","Austin Lakes Index (ALI)","(30.2630555995556, -97.7475278001577)",2634403,30.2630555995556,-97.7475278001577,528014,FALSE,"","2018"
"183","Lady Bird Lake",2018-07-16,"Lady Bird Lake @ 1st St (CC)","Lake","Surface Water","Oxygen","DISSOLVED OXYGEN","","8.17","MG/L","Dissolved","2-LBL @ 1st SURF",2,0.3,"HYDROLAB","U","Austin Lakes Index (ALI)","(30.2630555995556, -97.7475278001577)",2634391,30.2630555995556,-97.7475278001577,528013,FALSE,"","2018"
"184","Lady Bird Lake",2018-07-16,"Lady Bird Lake @ Red Bud Isle (EC)","Lake","Surface Water","Oxygen","DISSOLVED OXYGEN","","7.21","MG/L","Dissolved","5-LBL @ Red Bud dp4",5,4,"HYDROLAB","U","Austin Lakes Index (ALI)","(30.2871112881052, -97.7857300357344)",2634332,30.2871112881052,-97.7857300357344,527986,FALSE,"","2018"
"185","Lady Bird Lake",2018-07-16,"Lady Bird Lake @ Red Bud Isle (EC)","Lake","Surface Water","Oxygen","DISSOLVED OXYGEN","","7.69","MG/L","Dissolved","5-LBL @ Red Bud BOTT",5,5.17,"HYDROLAB","U","Austin Lakes Index (ALI)","(30.2871112881052, -97.7857300357344)",2634364,30.2871112881052,-97.7857300357344,527997,FALSE,"","2018"
"186","Lady Bird Lake",2018-07-16,"Lady Bird Lake @ Red Bud Isle (EC)","Lake","Surface Water","Oxygen","DISSOLVED OXYGEN","","7.15","MG/L","Dissolved","5-LBL @ Red Bud dp5",5,5,"HYDROLAB","U","Austin Lakes Index (ALI)","(30.2871112881052, -97.7857300357344)",2634338,30.2871112881052,-97.7857300357344,527987,FALSE,"","2018"
"187","Lady Bird Lake",2018-07-16,"Lady Bird Lake @ Red Bud Isle (EC)","Lake","Surface Water","Oxygen","DISSOLVED OXYGEN","","7.24","MG/L","Dissolved","5-LBL @ Red Bud dp1",5,1,"HYDROLAB","U","Austin Lakes Index (ALI)","(30.2871112881052, -97.7857300357344)",2634663,30.2871112881052,-97.7857300357344,528054,FALSE,"","2018"
"188","Lady Bird Lake",2018-07-16,"Lady Bird Lake @ Red Bud Isle (EC)","Lake","Surface Water","Oxygen","DISSOLVED OXYGEN","","7.2","MG/L","Dissolved","5-LBL @ Red Bud dp3",5,3,"HYDROLAB","U","Austin Lakes Index (ALI)","(30.2871112881052, -97.7857300357344)",2634757,30.2871112881052,-97.7857300357344,528058,FALSE,"","2018"
"189","Lady Bird Lake",2018-07-16,"Lady Bird Lake @ Red Bud Isle (EC)","Lake","Surface Water","Oxygen","DISSOLVED OXYGEN","","7.27","MG/L","Dissolved","5-LBL @ Red Bud dp2",5,2,"HYDROLAB","U","Austin Lakes Index (ALI)","(30.2871112881052, -97.7857300357344)",2634751,30.2871112881052,-97.7857300357344,528057,FALSE,"","2018"
"190","Lady Bird Lake",2018-07-16,"Lady Bird Lake @ Red Bud Isle (EC)","Lake","Surface Water","Oxygen","DISSOLVED OXYGEN","","7.35","MG/L","Dissolved","5-LBL @ Red Bud SURF",5,0.3,"HYDROLAB","U","Austin Lakes Index (ALI)","(30.2871112881052, -97.7857300357344)",2634592,30.2871112881052,-97.7857300357344,528030,FALSE,"","2018"
"191","Lady Bird Lake",2018-06-27,"Cold Spring","Spring","Ground Water","Oxygen","DISSOLVED OXYGEN","","6.76","MG/L","Dissolved","9-Cold Spg",9,NA,"Quanta Probe","U","Barton Springs TPDES","(30.2796281473922, -97.7805024014199)",2634556,30.2796281473922,-97.7805024014199,528018,FALSE,"","2018"
"192","Lady Bird Lake",2018-06-21,"Lady Bird Lake @ Basin (AC)","Lake","Surface Water","Oxygen","DISSOLVED OXYGEN","","0.32","MG/L","Dissolved","1-LBL @ Basin BOTT",1,7,"HYDROLAB","U","Austin Lakes Index (ALI)","(30.2471428466364, -97.7163761748406)",2634359,30.2471428466364,-97.7163761748406,527996,FALSE,"","2018"
"193","Lady Bird Lake",2018-06-21,"Lady Bird Lake @ Basin (AC)","Lake","Surface Water","Oxygen","DISSOLVED OXYGEN","","4.61","MG/L","Dissolved","1-LBL @ Basin dp6",1,6,"HYDROLAB","U","Austin Lakes Index (ALI)","(30.2471428466364, -97.7163761748406)",2634354,30.2471428466364,-97.7163761748406,527995,FALSE,"","2018"
"194","Lady Bird Lake",2018-06-21,"Lady Bird Lake @ Basin (AC)","Lake","Surface Water","Oxygen","DISSOLVED OXYGEN","","5.2","MG/L","Dissolved","1-LBL @ Basin dp5",1,5,"HYDROLAB","U","Austin Lakes Index (ALI)","(30.2471428466364, -97.7163761748406)",2634778,30.2471428466364,-97.7163761748406,527994,FALSE,"","2018"
"195","Lady Bird Lake",2018-06-21,"Lady Bird Lake @ Basin (AC)","Lake","Surface Water","Oxygen","DISSOLVED OXYGEN","","5.72","MG/L","Dissolved","1-LBL @ Basin dp4",1,4,"HYDROLAB","U","Austin Lakes Index (ALI)","(30.2471428466364, -97.7163761748406)",2634773,30.2471428466364,-97.7163761748406,528067,FALSE,"","2018"
"196","Lady Bird Lake",2018-06-21,"Lady Bird Lake @ Basin (AC)","Lake","Surface Water","Oxygen","DISSOLVED OXYGEN","","6.68","MG/L","Dissolved","1-LBL @ Basin dp2",1,2,"HYDROLAB","U","Austin Lakes Index (ALI)","(30.2471428466364, -97.7163761748406)",2634743,30.2471428466364,-97.7163761748406,528055,FALSE,"","2018"
"197","Lady Bird Lake",2018-06-21,"Lady Bird Lake @ Basin (AC)","Lake","Surface Water","Oxygen","DISSOLVED OXYGEN","","8.64","MG/L","Dissolved","1-LBL @ Basin dp1",1,1,"HYDROLAB","U","Austin Lakes Index (ALI)","(30.2471428466364, -97.7163761748406)",2634602,30.2471428466364,-97.7163761748406,528033,FALSE,"","2018"
"198","Lady Bird Lake",2018-06-21,"Lady Bird Lake @ Basin (AC)","Lake","Surface Water","Oxygen","DISSOLVED OXYGEN","","5.16","MG/L","Dissolved","1-LBL @ Basin dp3",1,3,"HYDROLAB","U","Austin Lakes Index (ALI)","(30.2471428466364, -97.7163761748406)",2634748,30.2471428466364,-97.7163761748406,528056,FALSE,"","2018"
"199","Lady Bird Lake",2018-06-21,"Lady Bird Lake @ Basin (AC)","Lake","Surface Water","Oxygen","DISSOLVED OXYGEN","","8.31","MG/L","Dissolved","1-LBL @ Basin SURF",1,0.3,"HYDROLAB","U","Austin Lakes Index (ALI)","(30.2471428466364, -97.7163761748406)",2634586,30.2471428466364,-97.7163761748406,528027,FALSE,"","2018"
"200","Lady Bird Lake",2018-06-21,"Lady Bird Lake @ 1st St (CC)","Lake","Surface Water","Oxygen","DISSOLVED OXYGEN","","7.15","MG/L","Dissolved","2-LBL @ 1st dp4",2,4,"HYDROLAB","U","Austin Lakes Index (ALI)","(30.2630555995556, -97.7475278001577)",2634007,30.2630555995556,-97.7475278001577,527932,FALSE,"","2018"
"201","Lady Bird Lake",2018-06-21,"Lady Bird Lake @ 1st St (CC)","Lake","Surface Water","Oxygen","DISSOLVED OXYGEN","","7.22","MG/L","Dissolved","2-LBL @ 1st dp3",2,3,"HYDROLAB","U","Austin Lakes Index (ALI)","(30.2630555995556, -97.7475278001577)",2634132,30.2630555995556,-97.7475278001577,527935,FALSE,"","2018"
"202","Lady Bird Lake",2018-06-21,"Lady Bird Lake @ 1st St (CC)","Lake","Surface Water","Oxygen","DISSOLVED OXYGEN","","7.27","MG/L","Dissolved","2-LBL @ 1st dp2",2,2,"HYDROLAB","U","Austin Lakes Index (ALI)","(30.2630555995556, -97.7475278001577)",2634093,30.2630555995556,-97.7475278001577,527955,FALSE,"","2018"
"203","Lady Bird Lake",2018-06-21,"Lady Bird Lake @ 1st St (CC)","Lake","Surface Water","Oxygen","DISSOLVED OXYGEN","","7.07","MG/L","Dissolved","2-LBL @ 1st BOTT",2,5,"HYDROLAB","U","Austin Lakes Index (ALI)","(30.2630555995556, -97.7475278001577)",2633864,30.2630555995556,-97.7475278001577,527933,FALSE,"","2018"
"204","Lady Bird Lake",2018-06-21,"Lady Bird Lake @ 1st St (CC)","Lake","Surface Water","Oxygen","DISSOLVED OXYGEN","","7.24","MG/L","Dissolved","2-LBL @ 1st dp1",2,1,"HYDROLAB","U","Austin Lakes Index (ALI)","(30.2630555995556, -97.7475278001577)",2634019,30.2630555995556,-97.7475278001577,527938,FALSE,"","2018"
"205","Lady Bird Lake",2018-06-21,"Lady Bird Lake @ 1st St (CC)","Lake","Surface Water","Oxygen","DISSOLVED OXYGEN","","7.29","MG/L","Dissolved","2-LBL @ 1st SURF",2,0.3,"HYDROLAB","U","Austin Lakes Index (ALI)","(30.2630555995556, -97.7475278001577)",2634013,30.2630555995556,-97.7475278001577,527934,FALSE,"","2018"
"206","Lady Bird Lake",2018-06-21,"Lady Bird Lake @ Red Bud Isle (EC)","Lake","Surface Water","Oxygen","DISSOLVED OXYGEN","","7.05","MG/L","Dissolved","5-LBL @ Red Bud dp5",5,5,"HYDROLAB","U","Austin Lakes Index (ALI)","(30.2871112881052, -97.7857300357344)",2634342,30.2871112881052,-97.7857300357344,527968,FALSE,"","2018"
"207","Lady Bird Lake",2018-06-21,"Lady Bird Lake @ Red Bud Isle (EC)","Lake","Surface Water","Oxygen","DISSOLVED OXYGEN","","7.07","MG/L","Dissolved","5-LBL @ Red Bud BOTT",5,5.86,"HYDROLAB","U","Austin Lakes Index (ALI)","(30.2871112881052, -97.7857300357344)",2634274,30.2871112881052,-97.7857300357344,527969,FALSE,"","2018"
"208","Lady Bird Lake",2018-06-21,"Lady Bird Lake @ Red Bud Isle (EC)","Lake","Surface Water","Oxygen","DISSOLVED OXYGEN","","7.11","MG/L","Dissolved","5-LBL @ Red Bud dp4",5,4,"HYDROLAB","U","Austin Lakes Index (ALI)","(30.2871112881052, -97.7857300357344)",2634310,30.2871112881052,-97.7857300357344,527981,FALSE,"","2018"
"209","Lady Bird Lake",2018-06-21,"Lady Bird Lake @ Red Bud Isle (EC)","Lake","Surface Water","Oxygen","DISSOLVED OXYGEN","","7.05","MG/L","Dissolved","5-LBL @ Red Bud dp1",5,1,"HYDROLAB","U","Austin Lakes Index (ALI)","(30.2871112881052, -97.7857300357344)",2634051,30.2871112881052,-97.7857300357344,527946,FALSE,"","2018"
"210","Lady Bird Lake",2018-06-21,"Lady Bird Lake @ Red Bud Isle (EC)","Lake","Surface Water","Oxygen","DISSOLVED OXYGEN","","7.06","MG/L","Dissolved","5-LBL @ Red Bud SURF",5,0.3,"HYDROLAB","U","Austin Lakes Index (ALI)","(30.2871112881052, -97.7857300357344)",2634045,30.2871112881052,-97.7857300357344,527927,FALSE,"","2018"
"211","Lady Bird Lake",2018-06-21,"Lady Bird Lake @ Red Bud Isle (EC)","Lake","Surface Water","Oxygen","DISSOLVED OXYGEN","","7.04","MG/L","Dissolved","5-LBL @ Red Bud dp3",5,3,"HYDROLAB","U","Austin Lakes Index (ALI)","(30.2871112881052, -97.7857300357344)",2634072,30.2871112881052,-97.7857300357344,527950,FALSE,"","2018"
"212","Lady Bird Lake",2018-06-21,"Lady Bird Lake @ Red Bud Isle (EC)","Lake","Surface Water","Oxygen","DISSOLVED OXYGEN","","7.08","MG/L","Dissolved","5-LBL @ Red Bud dp2",5,2,"HYDROLAB","U","Austin Lakes Index (ALI)","(30.2871112881052, -97.7857300357344)",2634056,30.2871112881052,-97.7857300357344,527947,FALSE,"","2018"
"213","Lady Bird Lake",2018-05-16,"Lady Bird Lake @ Basin (AC)","Lake","Surface Water","Oxygen","DISSOLVED OXYGEN","","0.5","MG/L","Dissolved","1-LBL @ Basin BOTT",1,6.93,"HYDROLAB","U","Austin Lakes Index (ALI)","(30.2471428466364, -97.7163761748406)",2634112,30.2471428466364,-97.7163761748406,527957,FALSE,"","2018"
"214","Lady Bird Lake",2018-05-16,"Lady Bird Lake @ Basin (AC)","Lake","Surface Water","Oxygen","DISSOLVED OXYGEN","","2.93","MG/L","Dissolved","1-LBL @ Basin dp6",1,6,"HYDROLAB","U","Austin Lakes Index (ALI)","(30.2471428466364, -97.7163761748406)",2634097,30.2471428466364,-97.7163761748406,527954,FALSE,"","2018"
"215","Lady Bird Lake",2018-05-16,"Lady Bird Lake @ Basin (AC)","Lake","Surface Water","Oxygen","DISSOLVED OXYGEN","","6.13","MG/L","Dissolved","1-LBL @ Basin dp5",1,5,"HYDROLAB","U","Austin Lakes Index (ALI)","(30.2471428466364, -97.7163761748406)",2634084,30.2471428466364,-97.7163761748406,527953,FALSE,"","2018"
"216","Lady Bird Lake",2018-05-16,"Lady Bird Lake @ Basin (AC)","Lake","Surface Water","Oxygen","DISSOLVED OXYGEN","","7.09","MG/L","Dissolved","1-LBL @ Basin dp4",1,4,"HYDROLAB","U","Austin Lakes Index (ALI)","(30.2471428466364, -97.7163761748406)",2634079,30.2471428466364,-97.7163761748406,527952,FALSE,"","2018"
"217","Lady Bird Lake",2018-05-16,"Lady Bird Lake @ Basin (AC)","Lake","Surface Water","Oxygen","DISSOLVED OXYGEN","","7.7","MG/L","Dissolved","1-LBL @ Basin dp3",1,3,"HYDROLAB","U","Austin Lakes Index (ALI)","(30.2471428466364, -97.7163761748406)",2634291,30.2471428466364,-97.7163761748406,527951,FALSE,"","2018"
"218","Lady Bird Lake",2018-05-16,"Lady Bird Lake @ Basin (AC)","Lake","Surface Water","Oxygen","DISSOLVED OXYGEN","","9.09","MG/L","Dissolved","1-LBL @ Basin dp1",1,1,"HYDROLAB","U","Austin Lakes Index (ALI)","(30.2471428466364, -97.7163761748406)",2634387,30.2471428466364,-97.7163761748406,527971,FALSE,"","2018"
"219","Lady Bird Lake",2018-05-16,"Lady Bird Lake @ Basin (AC)","Lake","Surface Water","Oxygen","DISSOLVED OXYGEN","","8.96","MG/L","Dissolved","1-LBL @ Basin dp2",1,2,"HYDROLAB","U","Austin Lakes Index (ALI)","(30.2471428466364, -97.7163761748406)",2634286,30.2471428466364,-97.7163761748406,527975,FALSE,"","2018"
"220","Lady Bird Lake",2018-05-16,"Lady Bird Lake @ Basin (AC)","Lake","Surface Water","Oxygen","DISSOLVED OXYGEN","","8.96","MG/L","Dissolved","1-LBL @ Basin dp0.3",1,0.3,"HYDROLAB","U","Austin Lakes Index (ALI)","(30.2471428466364, -97.7163761748406)",2634299,30.2471428466364,-97.7163761748406,527974,FALSE,"","2018"
"221","Lady Bird Lake",2018-05-16,"Lady Bird Lake @ 1st St (CC)","Lake","Surface Water","Oxygen","DISSOLVED OXYGEN","","7.06","MG/L","Dissolved","2-LBL @ 1st dp2",2,2,"HYDROLAB","U","Austin Lakes Index (ALI)","(30.2630555995556, -97.7475278001577)",2634110,30.2630555995556,-97.7475278001577,527936,FALSE,"","2018"
"222","Lady Bird Lake",2018-05-16,"Lady Bird Lake @ 1st St (CC)","Lake","Surface Water","Oxygen","DISSOLVED OXYGEN","","6.99","MG/L","Dissolved","2-LBL @ 1st dp3",2,3,"HYDROLAB","U","Austin Lakes Index (ALI)","(30.2630555995556, -97.7475278001577)",2634021,30.2630555995556,-97.7475278001577,527937,FALSE,"","2018"
"223","Lady Bird Lake",2018-05-16,"Lady Bird Lake @ 1st St (CC)","Lake","Surface Water","Oxygen","DISSOLVED OXYGEN","","6.95","MG/L","Dissolved","2-LBL @ 1st dp4",2,4,"HYDROLAB","U","Austin Lakes Index (ALI)","(30.2630555995556, -97.7475278001577)",2634026,30.2630555995556,-97.7475278001577,527939,FALSE,"","2018"
"224","Lady Bird Lake",2018-05-16,"Lady Bird Lake @ 1st St (CC)","Lake","Surface Water","Oxygen","DISSOLVED OXYGEN","","6.91","MG/L","Dissolved","2-LBL @ 1st BOTT",2,5.01,"HYDROLAB","U","Austin Lakes Index (ALI)","(30.2630555995556, -97.7475278001577)",2634031,30.2630555995556,-97.7475278001577,527940,FALSE,"","2018"
"225","Lady Bird Lake",2018-05-16,"Lady Bird Lake @ 1st St (CC)","Lake","Surface Water","Oxygen","DISSOLVED OXYGEN","","6.83","MG/L","Dissolved","2-LBL @ 1st dp0.3",2,0.3,"HYDROLAB","U","Austin Lakes Index (ALI)","(30.2630555995556, -97.7475278001577)",2634038,30.2630555995556,-97.7475278001577,527943,FALSE,"","2018"
"226","Lady Bird Lake",2018-05-16,"Lady Bird Lake @ 1st St (CC)","Lake","Surface Water","Oxygen","DISSOLVED OXYGEN","","7.07","MG/L","Dissolved","2-LBL @ 1st dp1",2,1,"HYDROLAB","U","Austin Lakes Index (ALI)","(30.2630555995556, -97.7475278001577)",2634105,30.2630555995556,-97.7475278001577,527956,FALSE,"","2018"
"227","Lady Bird Lake",2018-05-16,"Lady Bird Lake @ Red Bud Isle (EC)","Lake","Surface Water","Oxygen","DISSOLVED OXYGEN","","7.52","MG/L","Dissolved","5-LBL @ Red Bud dp5",5,5,"HYDROLAB","U","Austin Lakes Index (ALI)","(30.2871112881052, -97.7857300357344)",2634041,30.2871112881052,-97.7857300357344,527944,FALSE,"","2018"
"228","Lady Bird Lake",2018-05-16,"Lady Bird Lake @ Red Bud Isle (EC)","Lake","Surface Water","Oxygen","DISSOLVED OXYGEN","","8.21","MG/L","Dissolved","5-LBL @ Red Bud dp1",5,1,"HYDROLAB","U","Austin Lakes Index (ALI)","(30.2871112881052, -97.7857300357344)",2633860,30.2871112881052,-97.7857300357344,527931,FALSE,"","2018"
"229","Lady Bird Lake",2018-05-16,"Lady Bird Lake @ Red Bud Isle (EC)","Lake","Surface Water","Oxygen","DISSOLVED OXYGEN","","8.2","MG/L","Dissolved","5-LBL @ Red Bud dp2",5,2,"HYDROLAB","U","Austin Lakes Index (ALI)","(30.2871112881052, -97.7857300357344)",2634060,30.2871112881052,-97.7857300357344,527948,FALSE,"","2018"
"230","Lady Bird Lake",2018-05-16,"Lady Bird Lake @ Red Bud Isle (EC)","Lake","Surface Water","Oxygen","DISSOLVED OXYGEN","","8.2","MG/L","Dissolved","5-LBL @ Red Bud dp3.01",5,3.01,"HYDROLAB","U","Austin Lakes Index (ALI)","(30.2871112881052, -97.7857300357344)",2633839,30.2871112881052,-97.7857300357344,527923,FALSE,"","2018"
"231","Lady Bird Lake",2018-05-16,"Lady Bird Lake @ Red Bud Isle (EC)","Lake","Surface Water","Oxygen","DISSOLVED OXYGEN","","8.2","MG/L","Dissolved","5-LBL @ Red Bud dp4.02",5,4.02,"HYDROLAB","U","Austin Lakes Index (ALI)","(30.2871112881052, -97.7857300357344)",2633844,30.2871112881052,-97.7857300357344,527924,FALSE,"","2018"
"232","Lady Bird Lake",2018-05-16,"Lady Bird Lake @ Red Bud Isle (EC)","Lake","Surface Water","Oxygen","DISSOLVED OXYGEN","","6.62","MG/L","Dissolved","5-LBL @ Red Bud BOTT",5,5.43,"HYDROLAB","U","Austin Lakes Index (ALI)","(30.2871112881052, -97.7857300357344)",2634066,30.2871112881052,-97.7857300357344,527949,FALSE,"","2018"
"233","Lady Bird Lake",2018-05-16,"Lady Bird Lake @ Red Bud Isle (EC)","Lake","Surface Water","Oxygen","DISSOLVED OXYGEN","","8.18","MG/L","Dissolved","5-LBL @ Red Bud SURF",5,0.3,"HYDROLAB","U","Austin Lakes Index (ALI)","(30.2871112881052, -97.7857300357344)",2633854,30.2871112881052,-97.7857300357344,527930,FALSE,"","2018"
"234","Lady Bird Lake",2018-04-25,"Lady Bird Lake @ Basin (AC)","Lake","Surface Water","Oxygen","DISSOLVED OXYGEN","","3.65","MG/L","Dissolved","1-LBL @ Basin dp7",1,7,"HYDROLAB","U","Austin Lakes Index (ALI)","(30.2471428466364, -97.7163761748406)",2626889,30.2471428466364,-97.7163761748406,527000,FALSE,"","2018"
"235","Lady Bird Lake",2018-04-25,"Lady Bird Lake @ Basin (AC)","Lake","Surface Water","Oxygen","DISSOLVED OXYGEN","","5.45","MG/L","Dissolved","1-LBL @ Basin dp6",1,6,"HYDROLAB","U","Austin Lakes Index (ALI)","(30.2471428466364, -97.7163761748406)",2626835,30.2471428466364,-97.7163761748406,526990,FALSE,"","2018"
"236","Lady Bird Lake",2018-04-25,"Lady Bird Lake @ Basin (AC)","Lake","Surface Water","Oxygen","DISSOLVED OXYGEN","","1.65","MG/L","Dissolved","1-LBL @ Basin BOTT",1,7.91,"HYDROLAB","U","Austin Lakes Index (ALI)","(30.2471428466364, -97.7163761748406)",2630115,30.2471428466364,-97.7163761748406,527001,FALSE,"","2018"
"237","Lady Bird Lake",2018-04-25,"Lady Bird Lake @ Basin (AC)","Lake","Surface Water","Oxygen","DISSOLVED OXYGEN","","12.09","MG/L","Dissolved","1-LBL @ Basin dp1",1,1,"HYDROLAB","U","Austin Lakes Index (ALI)","(30.2471428466364, -97.7163761748406)",2626745,30.2471428466364,-97.7163761748406,526976,FALSE,"","2018"
"238","Lady Bird Lake",2018-04-25,"Lady Bird Lake @ Basin (AC)","Lake","Surface Water","Oxygen","DISSOLVED OXYGEN","","8.01","MG/L","Dissolved","1-LBL @ Basin dp5",1,5,"HYDROLAB","U","Austin Lakes Index (ALI)","(30.2471428466364, -97.7163761748406)",2626815,30.2471428466364,-97.7163761748406,526987,FALSE,"","2018"
"239","Lady Bird Lake",2018-04-25,"Lady Bird Lake @ Basin (AC)","Lake","Surface Water","Oxygen","DISSOLVED OXYGEN","","9.8","MG/L","Dissolved","1-LBL @ Basin dp4",1,4,"HYDROLAB","U","Austin Lakes Index (ALI)","(30.2471428466364, -97.7163761748406)",2626809,30.2471428466364,-97.7163761748406,526982,FALSE,"","2018"
"240","Lady Bird Lake",2018-04-25,"Lady Bird Lake @ Basin (AC)","Lake","Surface Water","Oxygen","DISSOLVED OXYGEN","","11.21","MG/L","Dissolved","1-LBL @ Basin dp3",1,3,"HYDROLAB","U","Austin Lakes Index (ALI)","(30.2471428466364, -97.7163761748406)",2626773,30.2471428466364,-97.7163761748406,526981,FALSE,"","2018"
"241","Lady Bird Lake",2018-04-25,"Lady Bird Lake @ Basin (AC)","Lake","Surface Water","Oxygen","DISSOLVED OXYGEN","","12.25","MG/L","Dissolved","1-LBL @ Basin dp2",1,2,"HYDROLAB","U","Austin Lakes Index (ALI)","(30.2471428466364, -97.7163761748406)",2626767,30.2471428466364,-97.7163761748406,526980,FALSE,"","2018"
"242","Lady Bird Lake",2018-04-25,"Lady Bird Lake @ Basin (AC)","Lake","Surface Water","Oxygen","DISSOLVED OXYGEN","","12.05","MG/L","Dissolved","1-LBL @ Basin SURF",1,0.3,"HYDROLAB","U","Austin Lakes Index (ALI)","(30.2471428466364, -97.7163761748406)",2626729,30.2471428466364,-97.7163761748406,526973,FALSE,"","2018"
"243","Lady Bird Lake",2018-04-25,"Lady Bird Lake @ 1st St (CC)","Lake","Surface Water","Oxygen","DISSOLVED OXYGEN","","9.17","MG/L","Dissolved","2-LBL @ 1st dp4",2,4,"HYDROLAB","U","Austin Lakes Index (ALI)","(30.2630555995556, -97.7475278001577)",2626614,30.2630555995556,-97.7475278001577,526947,FALSE,"","2018"
"244","Lady Bird Lake",2018-04-25,"Lady Bird Lake @ 1st St (CC)","Lake","Surface Water","Oxygen","DISSOLVED OXYGEN","","7.8","MG/L","Dissolved","2-LBL @ 1st dp5",2,5,"HYDROLAB","U","Austin Lakes Index (ALI)","(30.2630555995556, -97.7475278001577)",2626635,30.2630555995556,-97.7475278001577,526952,FALSE,"","2018"
"245","Lady Bird Lake",2018-04-25,"Lady Bird Lake @ 1st St (CC)","Lake","Surface Water","Oxygen","DISSOLVED OXYGEN","","7.4","MG/L","Dissolved","2-LBL @ 1st BOTT",2,5.16,"HYDROLAB","U","Austin Lakes Index (ALI)","(30.2630555995556, -97.7475278001577)",2626641,30.2630555995556,-97.7475278001577,526953,FALSE,"","2018"
"246","Lady Bird Lake",2018-04-25,"Lady Bird Lake @ 1st St (CC)","Lake","Surface Water","Oxygen","DISSOLVED OXYGEN","","9.65","MG/L","Dissolved","2-LBL @ 1st dp2",2,2,"HYDROLAB","U","Austin Lakes Index (ALI)","(30.2630555995556, -97.7475278001577)",2626554,30.2630555995556,-97.7475278001577,526935,FALSE,"","2018"
"247","Lady Bird Lake",2018-04-25,"Lady Bird Lake @ 1st St (CC)","Lake","Surface Water","Oxygen","DISSOLVED OXYGEN","","9.48","MG/L","Dissolved","2-LBL @ 1st dp3",2,3,"HYDROLAB","U","Austin Lakes Index (ALI)","(30.2630555995556, -97.7475278001577)",2626608,30.2630555995556,-97.7475278001577,526946,FALSE,"","2018"
"248","Lady Bird Lake",2018-04-25,"Lady Bird Lake @ 1st St (CC)","Lake","Surface Water","Oxygen","DISSOLVED OXYGEN","","10.53","MG/L","Dissolved","2-LBL @ 1st SURF",2,0.3,"HYDROLAB","U","Austin Lakes Index (ALI)","(30.2630555995556, -97.7475278001577)",2626541,30.2630555995556,-97.7475278001577,526933,FALSE,"","2018"
"249","Lady Bird Lake",2018-04-25,"Lady Bird Lake @ 1st St (CC)","Lake","Surface Water","Oxygen","DISSOLVED OXYGEN","","10.45","MG/L","Dissolved","2-LBL @ 1st dp1",2,1,"HYDROLAB","U","Austin Lakes Index (ALI)","(30.2630555995556, -97.7475278001577)",2626548,30.2630555995556,-97.7475278001577,526934,FALSE,"","2018"
"250","Lady Bird Lake",2018-04-25,"Lady Bird Lake @ Red Bud Isle (EC)","Lake","Surface Water","Oxygen","DISSOLVED OXYGEN","","8.65","MG/L","Dissolved","5-LBL @ Red Bud dp4",5,4,"HYDROLAB","U","Austin Lakes Index (ALI)","(30.2871112881052, -97.7857300357344)",2626702,30.2871112881052,-97.7857300357344,526966,FALSE,"","2018"
"251","Lady Bird Lake",2018-04-25,"Lady Bird Lake @ Red Bud Isle (EC)","Lake","Surface Water","Oxygen","DISSOLVED OXYGEN","","7.58","MG/L","Dissolved","5-LBL @ Red Bud BOTT",5,6,"HYDROLAB","U","Austin Lakes Index (ALI)","(30.2871112881052, -97.7857300357344)",2626805,30.2871112881052,-97.7857300357344,526986,FALSE,"","2018"
"252","Lady Bird Lake",2018-04-25,"Lady Bird Lake @ Red Bud Isle (EC)","Lake","Surface Water","Oxygen","DISSOLVED OXYGEN","","8.63","MG/L","Dissolved","5-LBL @ Red Bud dp5",5,5,"HYDROLAB","U","Austin Lakes Index (ALI)","(30.2871112881052, -97.7857300357344)",2626749,30.2871112881052,-97.7857300357344,526977,FALSE,"","2018"
"253","Lady Bird Lake",2018-04-25,"Lady Bird Lake @ Red Bud Isle (EC)","Lake","Surface Water","Oxygen","DISSOLVED OXYGEN","","9.28","MG/L","Dissolved","5-LBL @ Red Bud dp1",5,1,"HYDROLAB","U","Austin Lakes Index (ALI)","(30.2871112881052, -97.7857300357344)",2626779,30.2871112881052,-97.7857300357344,526979,FALSE,"","2018"
"254","Lady Bird Lake",2018-04-25,"Lady Bird Lake @ Red Bud Isle (EC)","Lake","Surface Water","Oxygen","DISSOLVED OXYGEN","","9.4","MG/L","Dissolved","5-LBL @ Red Bud dp2",5,2,"HYDROLAB","U","Austin Lakes Index (ALI)","(30.2871112881052, -97.7857300357344)",2626785,30.2871112881052,-97.7857300357344,526983,FALSE,"","2018"
"255","Lady Bird Lake",2018-04-25,"Lady Bird Lake @ Red Bud Isle (EC)","Lake","Surface Water","Oxygen","DISSOLVED OXYGEN","","9.14","MG/L","Dissolved","5-LBL @ Red Bud dp3",5,3,"HYDROLAB","U","Austin Lakes Index (ALI)","(30.2871112881052, -97.7857300357344)",2626696,30.2871112881052,-97.7857300357344,526965,FALSE,"","2018"
"256","Lady Bird Lake",2018-04-25,"Lady Bird Lake @ Red Bud Isle (EC)","Lake","Surface Water","Oxygen","DISSOLVED OXYGEN","","9.23","MG/L","Dissolved","5-LBL @ Red Bud SURF",5,0.3,"HYDROLAB","U","Austin Lakes Index (ALI)","(30.2871112881052, -97.7857300357344)",2626755,30.2871112881052,-97.7857300357344,526978,FALSE,"","2018"
"257","Lady Bird Lake",2018-03-21,"Cold Spring","Spring","Ground Water","Oxygen","DISSOLVED OXYGEN","","6.29","MG/L","Dissolved","9-Cold Spg",9,NA,"Quanta Probe","U","Barton Springs TPDES","(30.2796281473922, -97.7805024014199)",2626205,30.2796281473922,-97.7805024014199,526426,FALSE,"","2018"
"258","Lady Bird Lake",2018-02-21,"Lady Bird Lake @ Basin (AC)","Lake","Surface Water","Oxygen","DISSOLVED OXYGEN","","6.45","MG/L","Dissolved","1-LBL @ Basin dp7",1,7,"HYDROLAB","U","Austin Lakes Index (ALI)","(30.2471428466364, -97.7163761748406)",2623440,30.2471428466364,-97.7163761748406,525310,FALSE,"","2018"
"259","Lady Bird Lake",2018-02-21,"Lady Bird Lake @ Basin (AC)","Lake","Surface Water","Oxygen","DISSOLVED OXYGEN","","6","MG/L","Dissolved","1-LBL @ Basin BOTT",1,7.5,"HYDROLAB","U","Austin Lakes Index (ALI)","(30.2471428466364, -97.7163761748406)",2623445,30.2471428466364,-97.7163761748406,525311,FALSE,"","2018"
"260","Lady Bird Lake",2018-02-21,"Lady Bird Lake @ Basin (AC)","Lake","Surface Water","Oxygen","DISSOLVED OXYGEN","","10.56","MG/L","Dissolved","1-LBL @ Basin dp3.98",1,3.98,"HYDROLAB","U","Austin Lakes Index (ALI)","(30.2471428466364, -97.7163761748406)",2623425,30.2471428466364,-97.7163761748406,525307,FALSE,"","2018"
"261","Lady Bird Lake",2018-02-21,"Lady Bird Lake @ Basin (AC)","Lake","Surface Water","Oxygen","DISSOLVED OXYGEN","","9.72","MG/L","Dissolved","1-LBL @ Basin dp5.01",1,5.01,"HYDROLAB","U","Austin Lakes Index (ALI)","(30.2471428466364, -97.7163761748406)",2623430,30.2471428466364,-97.7163761748406,525308,FALSE,"","2018"
"262","Lady Bird Lake",2018-02-21,"Lady Bird Lake @ Basin (AC)","Lake","Surface Water","Oxygen","DISSOLVED OXYGEN","","10.58","MG/L","Dissolved","1-LBL @ Basin dp1.98",1,1.98,"HYDROLAB","U","Austin Lakes Index (ALI)","(30.2471428466364, -97.7163761748406)",2623417,30.2471428466364,-97.7163761748406,525305,FALSE,"","2018"
"263","Lady Bird Lake",2018-02-21,"Lady Bird Lake @ Basin (AC)","Lake","Surface Water","Oxygen","DISSOLVED OXYGEN","","10.55","MG/L","Dissolved","1-LBL @ Basin dp3",1,3,"HYDROLAB","U","Austin Lakes Index (ALI)","(30.2471428466364, -97.7163761748406)",2623420,30.2471428466364,-97.7163761748406,525306,FALSE,"","2018"
"264","Lady Bird Lake",2018-02-21,"Lady Bird Lake @ Basin (AC)","Lake","Surface Water","Oxygen","DISSOLVED OXYGEN","","7.29","MG/L","Dissolved","1-LBL @ Basin dp5.99",1,5.99,"HYDROLAB","U","Austin Lakes Index (ALI)","(30.2471428466364, -97.7163761748406)",2623435,30.2471428466364,-97.7163761748406,525309,FALSE,"","2018"
"265","Lady Bird Lake",2018-02-21,"Lady Bird Lake @ Basin (AC)","Lake","Surface Water","Oxygen","DISSOLVED OXYGEN","","10.54","MG/L","Dissolved","1-LBL @ Basin dp0.3",1,0.3,"HYDROLAB","U","Austin Lakes Index (ALI)","(30.2471428466364, -97.7163761748406)",2623397,30.2471428466364,-97.7163761748406,525300,FALSE,"","2018"
"266","Lady Bird Lake",2018-02-21,"Lady Bird Lake @ Basin (AC)","Lake","Surface Water","Oxygen","DISSOLVED OXYGEN","","10.58","MG/L","Dissolved","1-LBL @ Basin dp1.01",1,1.01,"HYDROLAB","U","Austin Lakes Index (ALI)","(30.2471428466364, -97.7163761748406)",2623412,30.2471428466364,-97.7163761748406,525301,FALSE,"","2018"
"267","Lady Bird Lake",2018-02-21,"Lady Bird Lake @ 1st St (CC)","Lake","Surface Water","Oxygen","DISSOLVED OXYGEN","","8.95","MG/L","Dissolved","2-LBL @ 1st BOTT",2,5,"HYDROLAB","U","Austin Lakes Index (ALI)","(30.2630555995556, -97.7475278001577)",2623453,30.2630555995556,-97.7475278001577,525315,FALSE,"","2018"
"268","Lady Bird Lake",2018-02-21,"Lady Bird Lake @ 1st St (CC)","Lake","Surface Water","Oxygen","DISSOLVED OXYGEN","","9.25","MG/L","Dissolved","2-LBL @ 1st dp4.01",2,4.01,"HYDROLAB","U","Austin Lakes Index (ALI)","(30.2630555995556, -97.7475278001577)",2623210,30.2630555995556,-97.7475278001577,525280,FALSE,"","2018"
"269","Lady Bird Lake",2018-02-21,"Lady Bird Lake @ 1st St (CC)","Lake","Surface Water","Oxygen","DISSOLVED OXYGEN","","9.28","MG/L","Dissolved","2-LBL @ 1st dp1.99",2,1.99,"HYDROLAB","U","Austin Lakes Index (ALI)","(30.2630555995556, -97.7475278001577)",2623469,30.2630555995556,-97.7475278001577,525318,FALSE,"","2018"
"270","Lady Bird Lake",2018-02-21,"Lady Bird Lake @ 1st St (CC)","Lake","Surface Water","Oxygen","DISSOLVED OXYGEN","","9.25","MG/L","Dissolved","2-LBL @ 1st dp2.99",2,2.99,"HYDROLAB","U","Austin Lakes Index (ALI)","(30.2630555995556, -97.7475278001577)",2623474,30.2630555995556,-97.7475278001577,525279,FALSE,"","2018"
"271","Lady Bird Lake",2018-02-21,"Lady Bird Lake @ 1st St (CC)","Lake","Surface Water","Oxygen","DISSOLVED OXYGEN","","9.34","MG/L","Dissolved","2-LBL @ 1st dp1",2,1,"HYDROLAB","U","Austin Lakes Index (ALI)","(30.2630555995556, -97.7475278001577)",2623464,30.2630555995556,-97.7475278001577,525317,FALSE,"","2018"
"272","Lady Bird Lake",2018-02-21,"Lady Bird Lake @ 1st St (CC)","Lake","Surface Water","Oxygen","DISSOLVED OXYGEN","","9.35","MG/L","Dissolved","2-LBL @ 1st SURF",2,0.3,"HYDROLAB","U","Austin Lakes Index (ALI)","(30.2630555995556, -97.7475278001577)",2623458,30.2630555995556,-97.7475278001577,525316,FALSE,"","2018"
"273","Lady Bird Lake",2018-02-21,"Lady Bird Lake @ Red Bud Isle (EC)","Lake","Surface Water","Oxygen","DISSOLVED OXYGEN","","9.71","MG/L","Dissolved","5-LBL @ Red Bud BOTT",5,5.39,"HYDROLAB","U","Austin Lakes Index (ALI)","(30.2871112881052, -97.7857300357344)",2623250,30.2871112881052,-97.7857300357344,525291,FALSE,"","2018"
"274","Lady Bird Lake",2018-02-21,"Lady Bird Lake @ Red Bud Isle (EC)","Lake","Surface Water","Oxygen","DISSOLVED OXYGEN","","9.71","MG/L","Dissolved","5-LBL @ Red Bud dp5",5,5,"HYDROLAB","U","Austin Lakes Index (ALI)","(30.2871112881052, -97.7857300357344)",2623245,30.2871112881052,-97.7857300357344,525290,FALSE,"","2018"
"275","Lady Bird Lake",2018-02-21,"Lady Bird Lake @ Red Bud Isle (EC)","Lake","Surface Water","Oxygen","DISSOLVED OXYGEN","","9.81","MG/L","Dissolved","5-LBL @ Red Bud dp3",5,3,"HYDROLAB","U","Austin Lakes Index (ALI)","(30.2871112881052, -97.7857300357344)",2623235,30.2871112881052,-97.7857300357344,525288,FALSE,"","2018"
"276","Lady Bird Lake",2018-02-21,"Lady Bird Lake @ Red Bud Isle (EC)","Lake","Surface Water","Oxygen","DISSOLVED OXYGEN","","9.77","MG/L","Dissolved","5-LBL @ Red Bud dp4",5,4,"HYDROLAB","U","Austin Lakes Index (ALI)","(30.2871112881052, -97.7857300357344)",2623240,30.2871112881052,-97.7857300357344,525289,FALSE,"","2018"
"277","Lady Bird Lake",2018-02-21,"Lady Bird Lake @ Red Bud Isle (EC)","Lake","Surface Water","Oxygen","DISSOLVED OXYGEN","","9.71","MG/L","Dissolved","5-LBL @ Red Bud dp1.99",5,1.99,"HYDROLAB","U","Austin Lakes Index (ALI)","(30.2871112881052, -97.7857300357344)",2623230,30.2871112881052,-97.7857300357344,525287,FALSE,"","2018"
"278","Lady Bird Lake",2018-02-21,"Lady Bird Lake @ Red Bud Isle (EC)","Lake","Surface Water","Oxygen","DISSOLVED OXYGEN","","9.65","MG/L","Dissolved","5-LBL @ Red Bud dp1",5,1,"HYDROLAB","U","Austin Lakes Index (ALI)","(30.2871112881052, -97.7857300357344)",2623225,30.2871112881052,-97.7857300357344,525286,FALSE,"","2018"
"279","Lady Bird Lake",2018-02-21,"Lady Bird Lake @ Red Bud Isle (EC)","Lake","Surface Water","Oxygen","DISSOLVED OXYGEN","","9.92","MG/L","Dissolved","5-LBL @ Red Bud SURF",5,0.3,"HYDROLAB","U","Austin Lakes Index (ALI)","(30.2871112881052, -97.7857300357344)",2623219,30.2871112881052,-97.7857300357344,525285,FALSE,"","2018"
